id,category_id,category,question_id,question,type,difficulty,age,players,action
01-01,1,Хий эсвэл уу,1,20 секунд бүжиглэ.,challenge,Easy,18+,2-10,do
01-02,1,Хий эсвэл уу,2,Хажуугийн тоглогчийг 30 секунд дуурай.,challenge,Medium,18+,2-10,do
01-03,1,Хий эсвэл уу,3,Хамгийн муу pickup line-аа хэл.,challenge,Hard,18+,2-10,do
01-04,1,Хий эсвэл уу,4,Нэг тоглогчид 3 compliment хэл.,challenge,Very Hard,18+,2-10,do
01-05,1,Хий эсвэл уу,5,30 секунд робот шиг ярь.,challenge,Extreme,18+,2-10,do
01-06,1,Хий эсвэл уу,6,Дуртай дууныхаа хэсгийг дуул.,challenge,Easy,18+,2-10,do
01-07,1,Хий эсвэл уу,7,20 секунд инээдтэй алх.,challenge,Medium,18+,2-10,do
01-08,1,Хий эсвэл уу,8,Өөрийн хамгийн хөгжилтэй явдлаа ярь.,challenge,Hard,18+,2-10,do
01-09,1,Хий эсвэл уу,9,Нэг тоглогчийн pose-ийг давт.,challenge,Very Hard,18+,2-10,do
01-10,1,Хий эсвэл уу,10,10 секунд eye contact хий.,challenge,Extreme,18+,2-10,do
01-11,1,Хий эсвэл уу,11,Өөрийн нэг red flag-ийг хэл.,challenge,Easy,18+,2-10,do
01-12,1,Хий эсвэл уу,12,Өөрийн нэг green flag-ийг хэл.,challenge,Medium,18+,2-10,do
01-13,1,Хий эсвэл уу,13,Нэг celebrity дуурай.,challenge,Hard,18+,2-10,do
01-14,1,Хий эсвэл уу,14,Нэг киноны дүрийг жүжиглэ.,challenge,Very Hard,18+,2-10,do
01-15,1,Хий эсвэл уу,15,2 мөр rap зохио.,challenge,Extreme,18+,2-10,do
01-16,1,Хий эсвэл уу,16,Нэг тоглогчийг инээлгэ.,challenge,Easy,18+,2-10,do
01-17,1,Хий эсвэл уу,17,Өөрийгөө celebrity гэж төсөөлөөд ярь.,challenge,Medium,18+,2-10,do
01-18,1,Хий эсвэл уу,18,Хамгийн хөгийн selfie pose хий.,challenge,Hard,18+,2-10,do
01-19,1,Хий эсвэл уу,19,Нэг тоглогчийг магтаж сурталчилгаа хий.,challenge,Very Hard,18+,2-10,do
01-20,1,Хий эсвэл уу,20,Нэг үг хэлэлгүйгээр нэг зүйл тайлбарла.,challenge,Extreme,18+,2-10,do
01-21,1,Хий эсвэл уу,21,Өөрийн хамгийн сонин зуршлыг хэл.,challenge,Easy,18+,2-10,do
01-22,1,Хий эсвэл уу,22,5 секундэд 3 дуу нэрлэ.,challenge,Medium,18+,2-10,do
01-23,1,Хий эсвэл уу,23,Нэг тоглогчийн инээдийг дуурай.,challenge,Hard,18+,2-10,do
01-24,1,Хий эсвэл уу,24,30 секунд өөр аялгаар ярь.,challenge,Very Hard,18+,2-10,do
01-25,1,Хий эсвэл уу,25,Нэг joke ярь.,challenge,Extreme,18+,2-10,do
01-26,1,Хий эсвэл уу,26,Нэг тоглогчид nickname өг.,challenge,Easy,18+,2-10,do
01-27,1,Хий эсвэл уу,27,Нэг бүтээгдэхүүн 20 секунд сурталчил.,challenge,Medium,18+,2-10,do
01-28,1,Хий эсвэл уу,28,Өөрийн хамгийн сайн чадвараа үзүүл.,challenge,Hard,18+,2-10,do
01-29,1,Хий эсвэл уу,29,Бүгдээс нэг хүнийг сонгоод challenge өг.,challenge,Very Hard,18+,2-10,do
01-30,1,Хий эсвэл уу,30,Хийхгүй бол тоглоомын шийтгэл ав.,challenge,Extreme,18+,2-10,do
02-01,2,Түргэн хариул,1,"Хайр уу, мөнгө юу?",choice,Easy,18+,2-10,choose
02-02,2,Түргэн хариул,2,"Далай юу, уул уу?",choice,Medium,18+,2-10,choose
02-03,2,Түргэн хариул,3,"Өглөө юу, шөнө юу?",choice,Hard,18+,2-10,choose
02-04,2,Түргэн хариул,4,"Кофе юу, цай юу?",choice,Very Hard,18+,2-10,choose
02-05,2,Түргэн хариул,5,"Хот уу, хөдөө юу?",choice,Extreme,18+,2-10,choose
02-06,2,Түргэн хариул,6,"Нохой юу, муур уу?",choice,Easy,18+,2-10,choose
02-07,2,Түргэн хариул,7,"Кино юу, сериал уу?",choice,Medium,18+,2-10,choose
02-08,2,Түргэн хариул,8,"Зун уу, өвөл үү?",choice,Hard,18+,2-10,choose
02-09,2,Түргэн хариул,9,"Аялал уу, гэртээ амрах уу?",choice,Very Hard,18+,2-10,choose
02-10,2,Түргэн хариул,10,"Call уу, chat уу?",choice,Extreme,18+,2-10,choose
02-11,2,Түргэн хариул,11,"Instagram уу, TikTok уу?",choice,Easy,18+,2-10,choose
02-12,2,Түргэн хариул,12,"Luxury уу, freedom уу?",choice,Medium,18+,2-10,choose
02-13,2,Түргэн хариул,13,"Plan уу, spontaneous уу?",choice,Hard,18+,2-10,choose
02-14,2,Түргэн хариул,14,"Career уу, travel уу?",choice,Very Hard,18+,2-10,choose
02-15,2,Түргэн хариул,15,"Алдар нэр үү, тайван амьдрал уу?",choice,Extreme,18+,2-10,choose
02-16,2,Түргэн хариул,16,"Нэг сайн найз уу, олон танил уу?",choice,Easy,18+,2-10,choose
02-17,2,Түргэн хариул,17,"Шууд үнэн үү, зөөлөн үнэн үү?",choice,Medium,18+,2-10,choose
02-18,2,Түргэн хариул,18,"Өнгөрсөн үү, ирээдүй юу?",choice,Hard,18+,2-10,choose
02-19,2,Түргэн хариул,19,"Мөнгө хадгалах уу, туршлага авах уу?",choice,Very Hard,18+,2-10,choose
02-20,2,Түргэн хариул,20,"Романтик уу, хөгжилтэй хүн үү?",choice,Extreme,18+,2-10,choose
02-21,2,Түргэн хариул,21,"Beach уу, mountains уу?",choice,Easy,18+,2-10,choose
02-22,2,Түргэн хариул,22,"Party уу, chill уу?",choice,Medium,18+,2-10,choose
02-23,2,Түргэн хариул,23,"Өдөр date уу, шөнө date уу?",choice,Hard,18+,2-10,choose
02-24,2,Түргэн хариул,24,"Анхны алхам хийх үү, хүлээх үү?",choice,Very Hard,18+,2-10,choose
02-25,2,Түргэн хариул,25,"Risk уу, safety юу?",choice,Extreme,18+,2-10,choose
02-26,2,Түргэн хариул,26,"Gaming уу, спорт уу?",choice,Easy,18+,2-10,choose
02-27,2,Түргэн хариул,27,"Sweet уу, salty юу?",choice,Medium,18+,2-10,choose
02-28,2,Түргэн хариул,28,"Найз нөхөд үү, ганцаараа байх уу?",choice,Hard,18+,2-10,choose
02-29,2,Түргэн хариул,29,"Төлөвлөгөө юу, аз турших уу?",choice,Very Hard,18+,2-10,choose
02-30,2,Түргэн хариул,30,5 секундэд хариул: өнөөдрийн mood юу вэ?,choice,Extreme,18+,2-10,choose
03-01,3,Хэн бэ?,1,Эндээс хэн хамгийн түрүүнд гэрлэх вэ?,vote,Easy,18+,2-10,vote
03-02,3,Хэн бэ?,2,Эндээс хэн хамгийн их аялал хийх вэ?,vote,Medium,18+,2-10,vote
03-03,3,Хэн бэ?,3,Эндээс хэн хамгийн их мөнгө олох вэ?,vote,Hard,18+,2-10,vote
03-04,3,Хэн бэ?,4,Эндээс хэн хамгийн хөгжилтэй вэ?,vote,Very Hard,18+,2-10,vote
03-05,3,Хэн бэ?,5,Эндээс хэн хамгийн романтик вэ?,vote,Extreme,18+,2-10,vote
03-06,3,Хэн бэ?,6,Эндээс хэн хамгийн их flirt хийх вэ?,vote,Easy,18+,2-10,vote
03-07,3,Хэн бэ?,7,Эндээс хэн хамгийн сайн secret хадгалах вэ?,vote,Medium,18+,2-10,vote
03-08,3,Хэн бэ?,8,Эндээс хэн хамгийн их party хийх вэ?,vote,Hard,18+,2-10,vote
03-09,3,Хэн бэ?,9,Эндээс хэн хамгийн сайн leader болох вэ?,vote,Very Hard,18+,2-10,vote
03-10,3,Хэн бэ?,10,Эндээс хэн хамгийн их selfie авах вэ?,vote,Extreme,18+,2-10,vote
03-11,3,Хэн бэ?,11,Эндээс хэн хамгийн их унтах вэ?,vote,Easy,18+,2-10,vote
03-12,3,Хэн бэ?,12,Эндээс хэн хамгийн их risk авах вэ?,vote,Medium,18+,2-10,vote
03-13,3,Хэн бэ?,13,Эндээс хэн хамгийн сайн business эхлүүлэх вэ?,vote,Hard,18+,2-10,vote
03-14,3,Хэн бэ?,14,Эндээс хэн хамгийн хурдан шинэ хүнтэй найзлах вэ?,vote,Very Hard,18+,2-10,vote
03-15,3,Хэн бэ?,15,Эндээс хэн хамгийн их spontaneous байх вэ?,vote,Extreme,18+,2-10,vote
03-16,3,Хэн бэ?,16,Эндээс хэн хамгийн их jealous болох вэ?,vote,Easy,18+,2-10,vote
03-17,3,Хэн бэ?,17,Эндээс хэн хамгийн сайн date зохион байгуулах вэ?,vote,Medium,18+,2-10,vote
03-18,3,Хэн бэ?,18,Эндээс хэн хамгийн их surprise хийх вэ?,vote,Hard,18+,2-10,vote
03-19,3,Хэн бэ?,19,Эндээс хэн хамгийн сайн advice өгөх вэ?,vote,Very Hard,18+,2-10,vote
03-20,3,Хэн бэ?,20,Эндээс хэн хамгийн их meme явуулах вэ?,vote,Extreme,18+,2-10,vote
03-21,3,Хэн бэ?,21,Эндээс хэн хамгийн түрүүнд гадаадад нүүх вэ?,vote,Easy,18+,2-10,vote
03-22,3,Хэн бэ?,22,Эндээс хэн хамгийн сайн dancer болох вэ?,vote,Medium,18+,2-10,vote
03-23,3,Хэн бэ?,23,Эндээс хэн хамгийн сайн singer болох вэ?,vote,Hard,18+,2-10,vote
03-24,3,Хэн бэ?,24,Эндээс хэн хамгийн сайн actor болох вэ?,vote,Very Hard,18+,2-10,vote
03-25,3,Хэн бэ?,25,Эндээс хэн хамгийн их мөнгө үрэх вэ?,vote,Extreme,18+,2-10,vote
03-26,3,Хэн бэ?,26,Эндээс хэн хамгийн их adventure хийх вэ?,vote,Easy,18+,2-10,vote
03-27,3,Хэн бэ?,27,Эндээс хэн хамгийн memorable хүн болох вэ?,vote,Medium,18+,2-10,vote
03-28,3,Хэн бэ?,28,Эндээс хэн хамгийн тайван байх вэ?,vote,Hard,18+,2-10,vote
03-29,3,Хэн бэ?,29,Эндээс хэн хамгийн их trend дагах вэ?,vote,Very Hard,18+,2-10,vote
03-30,3,Хэн бэ?,30,Эндээс хэн хамгийн сайн team captain болох вэ?,vote,Extreme,18+,2-10,vote
04-01,4,Дуурай,1,Өөрийн хамгийн том мөрөөдлөө хэл.,challenge,Easy,18+,2-10,do
04-02,4,Дуурай,2,Өөрийн нэг green flag-аа хэл.,challenge,Medium,18+,2-10,do
04-03,4,Дуурай,3,Өөрийн нэг red flag-аа хэл.,challenge,Hard,18+,2-10,do
04-04,4,Дуурай,4,Сүүлд хэзээ үнэхээр баярласан бэ?,challenge,Very Hard,18+,2-10,do
04-05,4,Дуурай,5,Хэнээс message ирэхийг хүлээдэг вэ?,challenge,Extreme,18+,2-10,do
04-06,4,Дуурай,6,Perfect weekend-ээ тайлбарла.,challenge,Easy,18+,2-10,do
04-07,4,Дуурай,7,Dream destination-оо хэл.,challenge,Medium,18+,2-10,do
04-08,4,Дуурай,8,Хамгийн их хүндэлдэг чанараа хэл.,challenge,Hard,18+,2-10,do
04-09,4,Дуурай,9,Хамгийн муу зуршлаа хэл.,challenge,Very Hard,18+,2-10,do
04-10,4,Дуурай,10,Хамгийн сайн чанараа хэл.,challenge,Extreme,18+,2-10,do
04-11,4,Дуурай,11,5 жилийн дараах өөрийгөө төсөөл.,challenge,Easy,18+,2-10,do
04-12,4,Дуурай,12,Нэг хүнийг сонгоод compliment өг.,challenge,Medium,18+,2-10,do
04-13,4,Дуурай,13,Нэг хүний first impression-ийг хэл.,challenge,Hard,18+,2-10,do
04-14,4,Дуурай,14,Нэг дуу санал болго.,challenge,Very Hard,18+,2-10,do
04-15,4,Дуурай,15,Нэг кино санал болго.,challenge,Extreme,18+,2-10,do
04-16,4,Дуурай,16,Нэг хоол сонгоод тайлбарла.,challenge,Easy,18+,2-10,do
04-17,4,Дуурай,17,Нэг hobby туршиж үзмээр байгаагаа хэл.,challenge,Medium,18+,2-10,do
04-18,4,Дуурай,18,Мөнгө авбал хамгийн түрүүнд юу хийх вэ?,challenge,Hard,18+,2-10,do
04-19,4,Дуурай,19,Ямар хүнтэй амархан найзлах вэ?,challenge,Very Hard,18+,2-10,do
04-20,4,Дуурай,20,Ямар зан хамгийн их turn-off вэ?,challenge,Extreme,18+,2-10,do
04-21,4,Дуурай,21,Ямар зан хамгийн их татдаг вэ?,challenge,Easy,18+,2-10,do
04-22,4,Дуурай,22,Өнгөрсөнд очвол юу өөрчлөх вэ?,challenge,Medium,18+,2-10,do
04-23,4,Дуурай,23,Ирээдүйгээ харвал юу мэдмээр байна?,challenge,Hard,18+,2-10,do
04-24,4,Дуурай,24,Хэнтэй road trip хийх вэ?,challenge,Very Hard,18+,2-10,do
04-25,4,Дуурай,25,Хэнтэй удаан ярилцмаар байна?,challenge,Extreme,18+,2-10,do
04-26,4,Дуурай,26,Өөрийгөө 3 үгээр тодорхойл.,challenge,Easy,18+,2-10,do
04-27,4,Дуурай,27,Өнөөдрийн mood-оо 3 emoji-оор хэл.,challenge,Medium,18+,2-10,do
04-28,4,Дуурай,28,Эндээс хэнийг илүү танимаар байна?,challenge,Hard,18+,2-10,do
04-29,4,Дуурай,29,Нэг асуулт өөрөө зохио.,challenge,Very Hard,18+,2-10,do
04-30,4,Дуурай,30,Тухгүй байвал PASS хийж болно.,challenge,Extreme,18+,2-10,do
05-01,5,Инээд барь,1,Өөрийн хамгийн том мөрөөдлөө хэл.,challenge,Easy,18+,2-10,do
05-02,5,Инээд барь,2,Өөрийн нэг green flag-аа хэл.,challenge,Medium,18+,2-10,do
05-03,5,Инээд барь,3,Өөрийн нэг red flag-аа хэл.,challenge,Hard,18+,2-10,do
05-04,5,Инээд барь,4,Сүүлд хэзээ үнэхээр баярласан бэ?,challenge,Very Hard,18+,2-10,do
05-05,5,Инээд барь,5,Хэнээс message ирэхийг хүлээдэг вэ?,challenge,Extreme,18+,2-10,do
05-06,5,Инээд барь,6,Perfect weekend-ээ тайлбарла.,challenge,Easy,18+,2-10,do
05-07,5,Инээд барь,7,Dream destination-оо хэл.,challenge,Medium,18+,2-10,do
05-08,5,Инээд барь,8,Хамгийн их хүндэлдэг чанараа хэл.,challenge,Hard,18+,2-10,do
05-09,5,Инээд барь,9,Хамгийн муу зуршлаа хэл.,challenge,Very Hard,18+,2-10,do
05-10,5,Инээд барь,10,Хамгийн сайн чанараа хэл.,challenge,Extreme,18+,2-10,do
05-11,5,Инээд барь,11,5 жилийн дараах өөрийгөө төсөөл.,challenge,Easy,18+,2-10,do
05-12,5,Инээд барь,12,Нэг хүнийг сонгоод compliment өг.,challenge,Medium,18+,2-10,do
05-13,5,Инээд барь,13,Нэг хүний first impression-ийг хэл.,challenge,Hard,18+,2-10,do
05-14,5,Инээд барь,14,Нэг дуу санал болго.,challenge,Very Hard,18+,2-10,do
05-15,5,Инээд барь,15,Нэг кино санал болго.,challenge,Extreme,18+,2-10,do
05-16,5,Инээд барь,16,Нэг хоол сонгоод тайлбарла.,challenge,Easy,18+,2-10,do
05-17,5,Инээд барь,17,Нэг hobby туршиж үзмээр байгаагаа хэл.,challenge,Medium,18+,2-10,do
05-18,5,Инээд барь,18,Мөнгө авбал хамгийн түрүүнд юу хийх вэ?,challenge,Hard,18+,2-10,do
05-19,5,Инээд барь,19,Ямар хүнтэй амархан найзлах вэ?,challenge,Very Hard,18+,2-10,do
05-20,5,Инээд барь,20,Ямар зан хамгийн их turn-off вэ?,challenge,Extreme,18+,2-10,do
05-21,5,Инээд барь,21,Ямар зан хамгийн их татдаг вэ?,challenge,Easy,18+,2-10,do
05-22,5,Инээд барь,22,Өнгөрсөнд очвол юу өөрчлөх вэ?,challenge,Medium,18+,2-10,do
05-23,5,Инээд барь,23,Ирээдүйгээ харвал юу мэдмээр байна?,challenge,Hard,18+,2-10,do
05-24,5,Инээд барь,24,Хэнтэй road trip хийх вэ?,challenge,Very Hard,18+,2-10,do
05-25,5,Инээд барь,25,Хэнтэй удаан ярилцмаар байна?,challenge,Extreme,18+,2-10,do
05-26,5,Инээд барь,26,Өөрийгөө 3 үгээр тодорхойл.,challenge,Easy,18+,2-10,do
05-27,5,Инээд барь,27,Өнөөдрийн mood-оо 3 emoji-оор хэл.,challenge,Medium,18+,2-10,do
05-28,5,Инээд барь,28,Эндээс хэнийг илүү танимаар байна?,challenge,Hard,18+,2-10,do
05-29,5,Инээд барь,29,Нэг асуулт өөрөө зохио.,challenge,Very Hard,18+,2-10,do
05-30,5,Инээд барь,30,Тухгүй байвал PASS хийж болно.,challenge,Extreme,18+,2-10,do
06-01,6,Худал илрүүлэгч,1,Өөрийн хамгийн том мөрөөдлөө хэл.,question,Easy,18+,2-10,answer
06-02,6,Худал илрүүлэгч,2,Өөрийн нэг green flag-аа хэл.,question,Medium,18+,2-10,answer
06-03,6,Худал илрүүлэгч,3,Өөрийн нэг red flag-аа хэл.,question,Hard,18+,2-10,answer
06-04,6,Худал илрүүлэгч,4,Сүүлд хэзээ үнэхээр баярласан бэ?,question,Very Hard,18+,2-10,answer
06-05,6,Худал илрүүлэгч,5,Хэнээс message ирэхийг хүлээдэг вэ?,question,Extreme,18+,2-10,answer
06-06,6,Худал илрүүлэгч,6,Perfect weekend-ээ тайлбарла.,question,Easy,18+,2-10,answer
06-07,6,Худал илрүүлэгч,7,Dream destination-оо хэл.,question,Medium,18+,2-10,answer
06-08,6,Худал илрүүлэгч,8,Хамгийн их хүндэлдэг чанараа хэл.,question,Hard,18+,2-10,answer
06-09,6,Худал илрүүлэгч,9,Хамгийн муу зуршлаа хэл.,question,Very Hard,18+,2-10,answer
06-10,6,Худал илрүүлэгч,10,Хамгийн сайн чанараа хэл.,question,Extreme,18+,2-10,answer
06-11,6,Худал илрүүлэгч,11,5 жилийн дараах өөрийгөө төсөөл.,question,Easy,18+,2-10,answer
06-12,6,Худал илрүүлэгч,12,Нэг хүнийг сонгоод compliment өг.,question,Medium,18+,2-10,answer
06-13,6,Худал илрүүлэгч,13,Нэг хүний first impression-ийг хэл.,question,Hard,18+,2-10,answer
06-14,6,Худал илрүүлэгч,14,Нэг дуу санал болго.,question,Very Hard,18+,2-10,answer
06-15,6,Худал илрүүлэгч,15,Нэг кино санал болго.,question,Extreme,18+,2-10,answer
06-16,6,Худал илрүүлэгч,16,Нэг хоол сонгоод тайлбарла.,question,Easy,18+,2-10,answer
06-17,6,Худал илрүүлэгч,17,Нэг hobby туршиж үзмээр байгаагаа хэл.,question,Medium,18+,2-10,answer
06-18,6,Худал илрүүлэгч,18,Мөнгө авбал хамгийн түрүүнд юу хийх вэ?,question,Hard,18+,2-10,answer
06-19,6,Худал илрүүлэгч,19,Ямар хүнтэй амархан найзлах вэ?,question,Very Hard,18+,2-10,answer
06-20,6,Худал илрүүлэгч,20,Ямар зан хамгийн их turn-off вэ?,question,Extreme,18+,2-10,answer
06-21,6,Худал илрүүлэгч,21,Ямар зан хамгийн их татдаг вэ?,question,Easy,18+,2-10,answer
06-22,6,Худал илрүүлэгч,22,Өнгөрсөнд очвол юу өөрчлөх вэ?,question,Medium,18+,2-10,answer
06-23,6,Худал илрүүлэгч,23,Ирээдүйгээ харвал юу мэдмээр байна?,question,Hard,18+,2-10,answer
06-24,6,Худал илрүүлэгч,24,Хэнтэй road trip хийх вэ?,question,Very Hard,18+,2-10,answer
06-25,6,Худал илрүүлэгч,25,Хэнтэй удаан ярилцмаар байна?,question,Extreme,18+,2-10,answer
06-26,6,Худал илрүүлэгч,26,Өөрийгөө 3 үгээр тодорхойл.,question,Easy,18+,2-10,answer
06-27,6,Худал илрүүлэгч,27,Өнөөдрийн mood-оо 3 emoji-оор хэл.,question,Medium,18+,2-10,answer
06-28,6,Худал илрүүлэгч,28,Эндээс хэнийг илүү танимаар байна?,question,Hard,18+,2-10,answer
06-29,6,Худал илрүүлэгч,29,Нэг асуулт өөрөө зохио.,question,Very Hard,18+,2-10,answer
06-30,6,Худал илрүүлэгч,30,Тухгүй байвал PASS хийж болно.,question,Extreme,18+,2-10,answer
07-01,7,5 секунд,1,5 секундэд 3 машин нэрлэ.,question,Easy,18+,2-10,answer
07-02,7,5 секунд,2,5 секундэд 3 celebrity нэрлэ.,question,Medium,18+,2-10,answer
07-03,7,5 секунд,3,5 секундэд 3 дуу нэрлэ.,question,Hard,18+,2-10,answer
07-04,7,5 секунд,4,5 секундэд 3 хот нэрлэ.,question,Very Hard,18+,2-10,answer
07-05,7,5 секунд,5,5 секундэд 3 кино нэрлэ.,question,Extreme,18+,2-10,answer
07-06,7,5 секунд,6,5 секундэд 3 амьтан нэрлэ.,question,Easy,18+,2-10,answer
07-07,7,5 секунд,7,5 секундэд 3 брэнд нэрлэ.,question,Medium,18+,2-10,answer
07-08,7,5 секунд,8,5 секундэд 3 спорт нэрлэ.,question,Hard,18+,2-10,answer
07-09,7,5 секунд,9,5 секундэд 3 жимс нэрлэ.,question,Very Hard,18+,2-10,answer
07-10,7,5 секунд,10,5 секундэд 3 өнгө нэрлэ.,question,Extreme,18+,2-10,answer
07-11,7,5 секунд,11,5 секундэд 3 app нэрлэ.,question,Easy,18+,2-10,answer
07-12,7,5 секунд,12,5 секундэд 3 хоол нэрлэ.,question,Medium,18+,2-10,answer
07-13,7,5 секунд,13,5 секундэд 3 аяллын газар нэрлэ.,question,Hard,18+,2-10,answer
07-14,7,5 секунд,14,5 секундэд 3 мэргэжил нэрлэ.,question,Very Hard,18+,2-10,answer
07-15,7,5 секунд,15,5 секундэд 3 hobby нэрлэ.,question,Extreme,18+,2-10,answer
07-16,7,5 секунд,16,5 секундэд 3 green flag нэрлэ.,question,Easy,18+,2-10,answer
07-17,7,5 секунд,17,5 секундэд 3 red flag нэрлэ.,question,Medium,18+,2-10,answer
07-18,7,5 секунд,18,5 секундэд 3 movie нэрлэ.,question,Hard,18+,2-10,answer
07-19,7,5 секунд,19,5 секундэд 3 game нэрлэ.,question,Very Hard,18+,2-10,answer
07-20,7,5 секунд,20,5 секундэд 3 хувцас нэрлэ.,question,Extreme,18+,2-10,answer
07-21,7,5 секунд,21,5 секундэд 3 ундаа нэрлэ.,question,Easy,18+,2-10,answer
07-22,7,5 секунд,22,5 секундэд 3 Монгол нэр нэрлэ.,question,Medium,18+,2-10,answer
07-23,7,5 секунд,23,5 секундэд 3 гадаад нэр нэрлэ.,question,Hard,18+,2-10,answer
07-24,7,5 секунд,24,5 секундэд 3 superhero нэрлэ.,question,Very Hard,18+,2-10,answer
07-25,7,5 секунд,25,5 секундэд 3 influencer нэрлэ.,question,Extreme,18+,2-10,answer
07-26,7,5 секунд,26,5 секундэд 3 restaurant нэрлэ.,question,Easy,18+,2-10,answer
07-27,7,5 секунд,27,5 секундэд 3 country нэрлэ.,question,Medium,18+,2-10,answer
07-28,7,5 секунд,28,5 секундэд 3 slang үг нэрлэ.,question,Hard,18+,2-10,answer
07-29,7,5 секунд,29,5 секундэд 3 dream destination нэрлэ.,question,Very Hard,18+,2-10,answer
07-30,7,5 секунд,30,5 секундэд 3 зүйл: perfect date-д хэрэгтэй нэрлэ.,question,Extreme,18+,2-10,answer
08-01,8,Үгийг үргэлжлүүл,1,Өөрийн хамгийн том мөрөөдлөө хэл.,question,Easy,18+,2-10,answer
08-02,8,Үгийг үргэлжлүүл,2,Өөрийн нэг green flag-аа хэл.,question,Medium,18+,2-10,answer
08-03,8,Үгийг үргэлжлүүл,3,Өөрийн нэг red flag-аа хэл.,question,Hard,18+,2-10,answer
08-04,8,Үгийг үргэлжлүүл,4,Сүүлд хэзээ үнэхээр баярласан бэ?,question,Very Hard,18+,2-10,answer
08-05,8,Үгийг үргэлжлүүл,5,Хэнээс message ирэхийг хүлээдэг вэ?,question,Extreme,18+,2-10,answer
08-06,8,Үгийг үргэлжлүүл,6,Perfect weekend-ээ тайлбарла.,question,Easy,18+,2-10,answer
08-07,8,Үгийг үргэлжлүүл,7,Dream destination-оо хэл.,question,Medium,18+,2-10,answer
08-08,8,Үгийг үргэлжлүүл,8,Хамгийн их хүндэлдэг чанараа хэл.,question,Hard,18+,2-10,answer
08-09,8,Үгийг үргэлжлүүл,9,Хамгийн муу зуршлаа хэл.,question,Very Hard,18+,2-10,answer
08-10,8,Үгийг үргэлжлүүл,10,Хамгийн сайн чанараа хэл.,question,Extreme,18+,2-10,answer
08-11,8,Үгийг үргэлжлүүл,11,5 жилийн дараах өөрийгөө төсөөл.,question,Easy,18+,2-10,answer
08-12,8,Үгийг үргэлжлүүл,12,Нэг хүнийг сонгоод compliment өг.,question,Medium,18+,2-10,answer
08-13,8,Үгийг үргэлжлүүл,13,Нэг хүний first impression-ийг хэл.,question,Hard,18+,2-10,answer
08-14,8,Үгийг үргэлжлүүл,14,Нэг дуу санал болго.,question,Very Hard,18+,2-10,answer
08-15,8,Үгийг үргэлжлүүл,15,Нэг кино санал болго.,question,Extreme,18+,2-10,answer
08-16,8,Үгийг үргэлжлүүл,16,Нэг хоол сонгоод тайлбарла.,question,Easy,18+,2-10,answer
08-17,8,Үгийг үргэлжлүүл,17,Нэг hobby туршиж үзмээр байгаагаа хэл.,question,Medium,18+,2-10,answer
08-18,8,Үгийг үргэлжлүүл,18,Мөнгө авбал хамгийн түрүүнд юу хийх вэ?,question,Hard,18+,2-10,answer
08-19,8,Үгийг үргэлжлүүл,19,Ямар хүнтэй амархан найзлах вэ?,question,Very Hard,18+,2-10,answer
08-20,8,Үгийг үргэлжлүүл,20,Ямар зан хамгийн их turn-off вэ?,question,Extreme,18+,2-10,answer
08-21,8,Үгийг үргэлжлүүл,21,Ямар зан хамгийн их татдаг вэ?,question,Easy,18+,2-10,answer
08-22,8,Үгийг үргэлжлүүл,22,Өнгөрсөнд очвол юу өөрчлөх вэ?,question,Medium,18+,2-10,answer
08-23,8,Үгийг үргэлжлүүл,23,Ирээдүйгээ харвал юу мэдмээр байна?,question,Hard,18+,2-10,answer
08-24,8,Үгийг үргэлжлүүл,24,Хэнтэй road trip хийх вэ?,question,Very Hard,18+,2-10,answer
08-25,8,Үгийг үргэлжлүүл,25,Хэнтэй удаан ярилцмаар байна?,question,Extreme,18+,2-10,answer
08-26,8,Үгийг үргэлжлүүл,26,Өөрийгөө 3 үгээр тодорхойл.,question,Easy,18+,2-10,answer
08-27,8,Үгийг үргэлжлүүл,27,Өнөөдрийн mood-оо 3 emoji-оор хэл.,question,Medium,18+,2-10,answer
08-28,8,Үгийг үргэлжлүүл,28,Эндээс хэнийг илүү танимаар байна?,question,Hard,18+,2-10,answer
08-29,8,Үгийг үргэлжлүүл,29,Нэг асуулт өөрөө зохио.,question,Very Hard,18+,2-10,answer
08-30,8,Үгийг үргэлжлүүл,30,Тухгүй байвал PASS хийж болно.,question,Extreme,18+,2-10,answer
09-01,9,Emoji таа,1,Өөрийн хамгийн том мөрөөдлөө хэл.,choice,Easy,18+,2-10,choose
09-02,9,Emoji таа,2,Өөрийн нэг green flag-аа хэл.,choice,Medium,18+,2-10,choose
09-03,9,Emoji таа,3,Өөрийн нэг red flag-аа хэл.,choice,Hard,18+,2-10,choose
09-04,9,Emoji таа,4,Сүүлд хэзээ үнэхээр баярласан бэ?,choice,Very Hard,18+,2-10,choose
09-05,9,Emoji таа,5,Хэнээс message ирэхийг хүлээдэг вэ?,choice,Extreme,18+,2-10,choose
09-06,9,Emoji таа,6,Perfect weekend-ээ тайлбарла.,choice,Easy,18+,2-10,choose
09-07,9,Emoji таа,7,Dream destination-оо хэл.,choice,Medium,18+,2-10,choose
09-08,9,Emoji таа,8,Хамгийн их хүндэлдэг чанараа хэл.,choice,Hard,18+,2-10,choose
09-09,9,Emoji таа,9,Хамгийн муу зуршлаа хэл.,choice,Very Hard,18+,2-10,choose
09-10,9,Emoji таа,10,Хамгийн сайн чанараа хэл.,choice,Extreme,18+,2-10,choose
09-11,9,Emoji таа,11,5 жилийн дараах өөрийгөө төсөөл.,choice,Easy,18+,2-10,choose
09-12,9,Emoji таа,12,Нэг хүнийг сонгоод compliment өг.,choice,Medium,18+,2-10,choose
09-13,9,Emoji таа,13,Нэг хүний first impression-ийг хэл.,choice,Hard,18+,2-10,choose
09-14,9,Emoji таа,14,Нэг дуу санал болго.,choice,Very Hard,18+,2-10,choose
09-15,9,Emoji таа,15,Нэг кино санал болго.,choice,Extreme,18+,2-10,choose
09-16,9,Emoji таа,16,Нэг хоол сонгоод тайлбарла.,choice,Easy,18+,2-10,choose
09-17,9,Emoji таа,17,Нэг hobby туршиж үзмээр байгаагаа хэл.,choice,Medium,18+,2-10,choose
09-18,9,Emoji таа,18,Мөнгө авбал хамгийн түрүүнд юу хийх вэ?,choice,Hard,18+,2-10,choose
09-19,9,Emoji таа,19,Ямар хүнтэй амархан найзлах вэ?,choice,Very Hard,18+,2-10,choose
09-20,9,Emoji таа,20,Ямар зан хамгийн их turn-off вэ?,choice,Extreme,18+,2-10,choose
09-21,9,Emoji таа,21,Ямар зан хамгийн их татдаг вэ?,choice,Easy,18+,2-10,choose
09-22,9,Emoji таа,22,Өнгөрсөнд очвол юу өөрчлөх вэ?,choice,Medium,18+,2-10,choose
09-23,9,Emoji таа,23,Ирээдүйгээ харвал юу мэдмээр байна?,choice,Hard,18+,2-10,choose
09-24,9,Emoji таа,24,Хэнтэй road trip хийх вэ?,choice,Very Hard,18+,2-10,choose
09-25,9,Emoji таа,25,Хэнтэй удаан ярилцмаар байна?,choice,Extreme,18+,2-10,choose
09-26,9,Emoji таа,26,Өөрийгөө 3 үгээр тодорхойл.,choice,Easy,18+,2-10,choose
09-27,9,Emoji таа,27,Өнөөдрийн mood-оо 3 emoji-оор хэл.,choice,Medium,18+,2-10,choose
09-28,9,Emoji таа,28,Эндээс хэнийг илүү танимаар байна?,choice,Hard,18+,2-10,choose
09-29,9,Emoji таа,29,Нэг асуулт өөрөө зохио.,choice,Very Hard,18+,2-10,choose
09-30,9,Emoji таа,30,Тухгүй байвал PASS хийж болно.,choice,Extreme,18+,2-10,choose
10-01,10,Дуу таа,1,Өөрийн хамгийн том мөрөөдлөө хэл.,choice,Easy,18+,2-10,choose
10-02,10,Дуу таа,2,Өөрийн нэг green flag-аа хэл.,choice,Medium,18+,2-10,choose
10-03,10,Дуу таа,3,Өөрийн нэг red flag-аа хэл.,choice,Hard,18+,2-10,choose
10-04,10,Дуу таа,4,Сүүлд хэзээ үнэхээр баярласан бэ?,choice,Very Hard,18+,2-10,choose
10-05,10,Дуу таа,5,Хэнээс message ирэхийг хүлээдэг вэ?,choice,Extreme,18+,2-10,choose
10-06,10,Дуу таа,6,Perfect weekend-ээ тайлбарла.,choice,Easy,18+,2-10,choose
10-07,10,Дуу таа,7,Dream destination-оо хэл.,choice,Medium,18+,2-10,choose
10-08,10,Дуу таа,8,Хамгийн их хүндэлдэг чанараа хэл.,choice,Hard,18+,2-10,choose
10-09,10,Дуу таа,9,Хамгийн муу зуршлаа хэл.,choice,Very Hard,18+,2-10,choose
10-10,10,Дуу таа,10,Хамгийн сайн чанараа хэл.,choice,Extreme,18+,2-10,choose
10-11,10,Дуу таа,11,5 жилийн дараах өөрийгөө төсөөл.,choice,Easy,18+,2-10,choose
10-12,10,Дуу таа,12,Нэг хүнийг сонгоод compliment өг.,choice,Medium,18+,2-10,choose
10-13,10,Дуу таа,13,Нэг хүний first impression-ийг хэл.,choice,Hard,18+,2-10,choose
10-14,10,Дуу таа,14,Нэг дуу санал болго.,choice,Very Hard,18+,2-10,choose
10-15,10,Дуу таа,15,Нэг кино санал болго.,choice,Extreme,18+,2-10,choose
10-16,10,Дуу таа,16,Нэг хоол сонгоод тайлбарла.,choice,Easy,18+,2-10,choose
10-17,10,Дуу таа,17,Нэг hobby туршиж үзмээр байгаагаа хэл.,choice,Medium,18+,2-10,choose
10-18,10,Дуу таа,18,Мөнгө авбал хамгийн түрүүнд юу хийх вэ?,choice,Hard,18+,2-10,choose
10-19,10,Дуу таа,19,Ямар хүнтэй амархан найзлах вэ?,choice,Very Hard,18+,2-10,choose
10-20,10,Дуу таа,20,Ямар зан хамгийн их turn-off вэ?,choice,Extreme,18+,2-10,choose
10-21,10,Дуу таа,21,Ямар зан хамгийн их татдаг вэ?,choice,Easy,18+,2-10,choose
10-22,10,Дуу таа,22,Өнгөрсөнд очвол юу өөрчлөх вэ?,choice,Medium,18+,2-10,choose
10-23,10,Дуу таа,23,Ирээдүйгээ харвал юу мэдмээр байна?,choice,Hard,18+,2-10,choose
10-24,10,Дуу таа,24,Хэнтэй road trip хийх вэ?,choice,Very Hard,18+,2-10,choose
10-25,10,Дуу таа,25,Хэнтэй удаан ярилцмаар байна?,choice,Extreme,18+,2-10,choose
10-26,10,Дуу таа,26,Өөрийгөө 3 үгээр тодорхойл.,choice,Easy,18+,2-10,choose
10-27,10,Дуу таа,27,Өнөөдрийн mood-оо 3 emoji-оор хэл.,choice,Medium,18+,2-10,choose
10-28,10,Дуу таа,28,Эндээс хэнийг илүү танимаар байна?,choice,Hard,18+,2-10,choose
10-29,10,Дуу таа,29,Нэг асуулт өөрөө зохио.,choice,Very Hard,18+,2-10,choose
10-30,10,Дуу таа,30,Тухгүй байвал PASS хийж болно.,choice,Extreme,18+,2-10,choose
11-01,11,Анхны сэтгэгдэл,1,Өөрийн хамгийн том мөрөөдлөө хэл.,question,Easy,18+,2-10,answer
11-02,11,Анхны сэтгэгдэл,2,Өөрийн нэг green flag-аа хэл.,question,Medium,18+,2-10,answer
11-03,11,Анхны сэтгэгдэл,3,Өөрийн нэг red flag-аа хэл.,question,Hard,18+,2-10,answer
11-04,11,Анхны сэтгэгдэл,4,Сүүлд хэзээ үнэхээр баярласан бэ?,question,Very Hard,18+,2-10,answer
11-05,11,Анхны сэтгэгдэл,5,Хэнээс message ирэхийг хүлээдэг вэ?,question,Extreme,18+,2-10,answer
11-06,11,Анхны сэтгэгдэл,6,Perfect weekend-ээ тайлбарла.,question,Easy,18+,2-10,answer
11-07,11,Анхны сэтгэгдэл,7,Dream destination-оо хэл.,question,Medium,18+,2-10,answer
11-08,11,Анхны сэтгэгдэл,8,Хамгийн их хүндэлдэг чанараа хэл.,question,Hard,18+,2-10,answer
11-09,11,Анхны сэтгэгдэл,9,Хамгийн муу зуршлаа хэл.,question,Very Hard,18+,2-10,answer
11-10,11,Анхны сэтгэгдэл,10,Хамгийн сайн чанараа хэл.,question,Extreme,18+,2-10,answer
11-11,11,Анхны сэтгэгдэл,11,5 жилийн дараах өөрийгөө төсөөл.,question,Easy,18+,2-10,answer
11-12,11,Анхны сэтгэгдэл,12,Нэг хүнийг сонгоод compliment өг.,question,Medium,18+,2-10,answer
11-13,11,Анхны сэтгэгдэл,13,Нэг хүний first impression-ийг хэл.,question,Hard,18+,2-10,answer
11-14,11,Анхны сэтгэгдэл,14,Нэг дуу санал болго.,question,Very Hard,18+,2-10,answer
11-15,11,Анхны сэтгэгдэл,15,Нэг кино санал болго.,question,Extreme,18+,2-10,answer
11-16,11,Анхны сэтгэгдэл,16,Нэг хоол сонгоод тайлбарла.,question,Easy,18+,2-10,answer
11-17,11,Анхны сэтгэгдэл,17,Нэг hobby туршиж үзмээр байгаагаа хэл.,question,Medium,18+,2-10,answer
11-18,11,Анхны сэтгэгдэл,18,Мөнгө авбал хамгийн түрүүнд юу хийх вэ?,question,Hard,18+,2-10,answer
11-19,11,Анхны сэтгэгдэл,19,Ямар хүнтэй амархан найзлах вэ?,question,Very Hard,18+,2-10,answer
11-20,11,Анхны сэтгэгдэл,20,Ямар зан хамгийн их turn-off вэ?,question,Extreme,18+,2-10,answer
11-21,11,Анхны сэтгэгдэл,21,Ямар зан хамгийн их татдаг вэ?,question,Easy,18+,2-10,answer
11-22,11,Анхны сэтгэгдэл,22,Өнгөрсөнд очвол юу өөрчлөх вэ?,question,Medium,18+,2-10,answer
11-23,11,Анхны сэтгэгдэл,23,Ирээдүйгээ харвал юу мэдмээр байна?,question,Hard,18+,2-10,answer
11-24,11,Анхны сэтгэгдэл,24,Хэнтэй road trip хийх вэ?,question,Very Hard,18+,2-10,answer
11-25,11,Анхны сэтгэгдэл,25,Хэнтэй удаан ярилцмаар байна?,question,Extreme,18+,2-10,answer
11-26,11,Анхны сэтгэгдэл,26,Өөрийгөө 3 үгээр тодорхойл.,question,Easy,18+,2-10,answer
11-27,11,Анхны сэтгэгдэл,27,Өнөөдрийн mood-оо 3 emoji-оор хэл.,question,Medium,18+,2-10,answer
11-28,11,Анхны сэтгэгдэл,28,Эндээс хэнийг илүү танимаар байна?,question,Hard,18+,2-10,answer
11-29,11,Анхны сэтгэгдэл,29,Нэг асуулт өөрөө зохио.,question,Very Hard,18+,2-10,answer
11-30,11,Анхны сэтгэгдэл,30,Тухгүй байвал PASS хийж болно.,question,Extreme,18+,2-10,answer
12-01,12,2 үнэн 1 худал,1,Өөрийн хамгийн том мөрөөдлөө хэл.,question,Easy,18+,2-10,answer
12-02,12,2 үнэн 1 худал,2,Өөрийн нэг green flag-аа хэл.,question,Medium,18+,2-10,answer
12-03,12,2 үнэн 1 худал,3,Өөрийн нэг red flag-аа хэл.,question,Hard,18+,2-10,answer
12-04,12,2 үнэн 1 худал,4,Сүүлд хэзээ үнэхээр баярласан бэ?,question,Very Hard,18+,2-10,answer
12-05,12,2 үнэн 1 худал,5,Хэнээс message ирэхийг хүлээдэг вэ?,question,Extreme,18+,2-10,answer
12-06,12,2 үнэн 1 худал,6,Perfect weekend-ээ тайлбарла.,question,Easy,18+,2-10,answer
12-07,12,2 үнэн 1 худал,7,Dream destination-оо хэл.,question,Medium,18+,2-10,answer
12-08,12,2 үнэн 1 худал,8,Хамгийн их хүндэлдэг чанараа хэл.,question,Hard,18+,2-10,answer
12-09,12,2 үнэн 1 худал,9,Хамгийн муу зуршлаа хэл.,question,Very Hard,18+,2-10,answer
12-10,12,2 үнэн 1 худал,10,Хамгийн сайн чанараа хэл.,question,Extreme,18+,2-10,answer
12-11,12,2 үнэн 1 худал,11,5 жилийн дараах өөрийгөө төсөөл.,question,Easy,18+,2-10,answer
12-12,12,2 үнэн 1 худал,12,Нэг хүнийг сонгоод compliment өг.,question,Medium,18+,2-10,answer
12-13,12,2 үнэн 1 худал,13,Нэг хүний first impression-ийг хэл.,question,Hard,18+,2-10,answer
12-14,12,2 үнэн 1 худал,14,Нэг дуу санал болго.,question,Very Hard,18+,2-10,answer
12-15,12,2 үнэн 1 худал,15,Нэг кино санал болго.,question,Extreme,18+,2-10,answer
12-16,12,2 үнэн 1 худал,16,Нэг хоол сонгоод тайлбарла.,question,Easy,18+,2-10,answer
12-17,12,2 үнэн 1 худал,17,Нэг hobby туршиж үзмээр байгаагаа хэл.,question,Medium,18+,2-10,answer
12-18,12,2 үнэн 1 худал,18,Мөнгө авбал хамгийн түрүүнд юу хийх вэ?,question,Hard,18+,2-10,answer
12-19,12,2 үнэн 1 худал,19,Ямар хүнтэй амархан найзлах вэ?,question,Very Hard,18+,2-10,answer
12-20,12,2 үнэн 1 худал,20,Ямар зан хамгийн их turn-off вэ?,question,Extreme,18+,2-10,answer
12-21,12,2 үнэн 1 худал,21,Ямар зан хамгийн их татдаг вэ?,question,Easy,18+,2-10,answer
12-22,12,2 үнэн 1 худал,22,Өнгөрсөнд очвол юу өөрчлөх вэ?,question,Medium,18+,2-10,answer
12-23,12,2 үнэн 1 худал,23,Ирээдүйгээ харвал юу мэдмээр байна?,question,Hard,18+,2-10,answer
12-24,12,2 үнэн 1 худал,24,Хэнтэй road trip хийх вэ?,question,Very Hard,18+,2-10,answer
12-25,12,2 үнэн 1 худал,25,Хэнтэй удаан ярилцмаар байна?,question,Extreme,18+,2-10,answer
12-26,12,2 үнэн 1 худал,26,Өөрийгөө 3 үгээр тодорхойл.,question,Easy,18+,2-10,answer
12-27,12,2 үнэн 1 худал,27,Өнөөдрийн mood-оо 3 emoji-оор хэл.,question,Medium,18+,2-10,answer
12-28,12,2 үнэн 1 худал,28,Эндээс хэнийг илүү танимаар байна?,question,Hard,18+,2-10,answer
12-29,12,2 үнэн 1 худал,29,Нэг асуулт өөрөө зохио.,question,Very Hard,18+,2-10,answer
12-30,12,2 үнэн 1 худал,30,Тухгүй байвал PASS хийж болно.,question,Extreme,18+,2-10,answer
13-01,13,Намайг хэр сайн таах вэ?,1,Өөрийн хамгийн том мөрөөдлөө хэл.,choice,Easy,18+,2-10,choose
13-02,13,Намайг хэр сайн таах вэ?,2,Өөрийн нэг green flag-аа хэл.,choice,Medium,18+,2-10,choose
13-03,13,Намайг хэр сайн таах вэ?,3,Өөрийн нэг red flag-аа хэл.,choice,Hard,18+,2-10,choose
13-04,13,Намайг хэр сайн таах вэ?,4,Сүүлд хэзээ үнэхээр баярласан бэ?,choice,Very Hard,18+,2-10,choose
13-05,13,Намайг хэр сайн таах вэ?,5,Хэнээс message ирэхийг хүлээдэг вэ?,choice,Extreme,18+,2-10,choose
13-06,13,Намайг хэр сайн таах вэ?,6,Perfect weekend-ээ тайлбарла.,choice,Easy,18+,2-10,choose
13-07,13,Намайг хэр сайн таах вэ?,7,Dream destination-оо хэл.,choice,Medium,18+,2-10,choose
13-08,13,Намайг хэр сайн таах вэ?,8,Хамгийн их хүндэлдэг чанараа хэл.,choice,Hard,18+,2-10,choose
13-09,13,Намайг хэр сайн таах вэ?,9,Хамгийн муу зуршлаа хэл.,choice,Very Hard,18+,2-10,choose
13-10,13,Намайг хэр сайн таах вэ?,10,Хамгийн сайн чанараа хэл.,choice,Extreme,18+,2-10,choose
13-11,13,Намайг хэр сайн таах вэ?,11,5 жилийн дараах өөрийгөө төсөөл.,choice,Easy,18+,2-10,choose
13-12,13,Намайг хэр сайн таах вэ?,12,Нэг хүнийг сонгоод compliment өг.,choice,Medium,18+,2-10,choose
13-13,13,Намайг хэр сайн таах вэ?,13,Нэг хүний first impression-ийг хэл.,choice,Hard,18+,2-10,choose
13-14,13,Намайг хэр сайн таах вэ?,14,Нэг дуу санал болго.,choice,Very Hard,18+,2-10,choose
13-15,13,Намайг хэр сайн таах вэ?,15,Нэг кино санал болго.,choice,Extreme,18+,2-10,choose
13-16,13,Намайг хэр сайн таах вэ?,16,Нэг хоол сонгоод тайлбарла.,choice,Easy,18+,2-10,choose
13-17,13,Намайг хэр сайн таах вэ?,17,Нэг hobby туршиж үзмээр байгаагаа хэл.,choice,Medium,18+,2-10,choose
13-18,13,Намайг хэр сайн таах вэ?,18,Мөнгө авбал хамгийн түрүүнд юу хийх вэ?,choice,Hard,18+,2-10,choose
13-19,13,Намайг хэр сайн таах вэ?,19,Ямар хүнтэй амархан найзлах вэ?,choice,Very Hard,18+,2-10,choose
13-20,13,Намайг хэр сайн таах вэ?,20,Ямар зан хамгийн их turn-off вэ?,choice,Extreme,18+,2-10,choose
13-21,13,Намайг хэр сайн таах вэ?,21,Ямар зан хамгийн их татдаг вэ?,choice,Easy,18+,2-10,choose
13-22,13,Намайг хэр сайн таах вэ?,22,Өнгөрсөнд очвол юу өөрчлөх вэ?,choice,Medium,18+,2-10,choose
13-23,13,Намайг хэр сайн таах вэ?,23,Ирээдүйгээ харвал юу мэдмээр байна?,choice,Hard,18+,2-10,choose
13-24,13,Намайг хэр сайн таах вэ?,24,Хэнтэй road trip хийх вэ?,choice,Very Hard,18+,2-10,choose
13-25,13,Намайг хэр сайн таах вэ?,25,Хэнтэй удаан ярилцмаар байна?,choice,Extreme,18+,2-10,choose
13-26,13,Намайг хэр сайн таах вэ?,26,Өөрийгөө 3 үгээр тодорхойл.,choice,Easy,18+,2-10,choose
13-27,13,Намайг хэр сайн таах вэ?,27,Өнөөдрийн mood-оо 3 emoji-оор хэл.,choice,Medium,18+,2-10,choose
13-28,13,Намайг хэр сайн таах вэ?,28,Эндээс хэнийг илүү танимаар байна?,choice,Hard,18+,2-10,choose
13-29,13,Намайг хэр сайн таах вэ?,29,Нэг асуулт өөрөө зохио.,choice,Very Hard,18+,2-10,choose
13-30,13,Намайг хэр сайн таах вэ?,30,Тухгүй байвал PASS хийж болно.,choice,Extreme,18+,2-10,choose
14-01,14,Хэнтэй адилхан бэ?,1,Өөрийн хамгийн том мөрөөдлөө хэл.,vote,Easy,18+,2-10,vote
14-02,14,Хэнтэй адилхан бэ?,2,Өөрийн нэг green flag-аа хэл.,vote,Medium,18+,2-10,vote
14-03,14,Хэнтэй адилхан бэ?,3,Өөрийн нэг red flag-аа хэл.,vote,Hard,18+,2-10,vote
14-04,14,Хэнтэй адилхан бэ?,4,Сүүлд хэзээ үнэхээр баярласан бэ?,vote,Very Hard,18+,2-10,vote
14-05,14,Хэнтэй адилхан бэ?,5,Хэнээс message ирэхийг хүлээдэг вэ?,vote,Extreme,18+,2-10,vote
14-06,14,Хэнтэй адилхан бэ?,6,Perfect weekend-ээ тайлбарла.,vote,Easy,18+,2-10,vote
14-07,14,Хэнтэй адилхан бэ?,7,Dream destination-оо хэл.,vote,Medium,18+,2-10,vote
14-08,14,Хэнтэй адилхан бэ?,8,Хамгийн их хүндэлдэг чанараа хэл.,vote,Hard,18+,2-10,vote
14-09,14,Хэнтэй адилхан бэ?,9,Хамгийн муу зуршлаа хэл.,vote,Very Hard,18+,2-10,vote
14-10,14,Хэнтэй адилхан бэ?,10,Хамгийн сайн чанараа хэл.,vote,Extreme,18+,2-10,vote
14-11,14,Хэнтэй адилхан бэ?,11,5 жилийн дараах өөрийгөө төсөөл.,vote,Easy,18+,2-10,vote
14-12,14,Хэнтэй адилхан бэ?,12,Нэг хүнийг сонгоод compliment өг.,vote,Medium,18+,2-10,vote
14-13,14,Хэнтэй адилхан бэ?,13,Нэг хүний first impression-ийг хэл.,vote,Hard,18+,2-10,vote
14-14,14,Хэнтэй адилхан бэ?,14,Нэг дуу санал болго.,vote,Very Hard,18+,2-10,vote
14-15,14,Хэнтэй адилхан бэ?,15,Нэг кино санал болго.,vote,Extreme,18+,2-10,vote
14-16,14,Хэнтэй адилхан бэ?,16,Нэг хоол сонгоод тайлбарла.,vote,Easy,18+,2-10,vote
14-17,14,Хэнтэй адилхан бэ?,17,Нэг hobby туршиж үзмээр байгаагаа хэл.,vote,Medium,18+,2-10,vote
14-18,14,Хэнтэй адилхан бэ?,18,Мөнгө авбал хамгийн түрүүнд юу хийх вэ?,vote,Hard,18+,2-10,vote
14-19,14,Хэнтэй адилхан бэ?,19,Ямар хүнтэй амархан найзлах вэ?,vote,Very Hard,18+,2-10,vote
14-20,14,Хэнтэй адилхан бэ?,20,Ямар зан хамгийн их turn-off вэ?,vote,Extreme,18+,2-10,vote
14-21,14,Хэнтэй адилхан бэ?,21,Ямар зан хамгийн их татдаг вэ?,vote,Easy,18+,2-10,vote
14-22,14,Хэнтэй адилхан бэ?,22,Өнгөрсөнд очвол юу өөрчлөх вэ?,vote,Medium,18+,2-10,vote
14-23,14,Хэнтэй адилхан бэ?,23,Ирээдүйгээ харвал юу мэдмээр байна?,vote,Hard,18+,2-10,vote
14-24,14,Хэнтэй адилхан бэ?,24,Хэнтэй road trip хийх вэ?,vote,Very Hard,18+,2-10,vote
14-25,14,Хэнтэй адилхан бэ?,25,Хэнтэй удаан ярилцмаар байна?,vote,Extreme,18+,2-10,vote
14-26,14,Хэнтэй адилхан бэ?,26,Өөрийгөө 3 үгээр тодорхойл.,vote,Easy,18+,2-10,vote
14-27,14,Хэнтэй адилхан бэ?,27,Өнөөдрийн mood-оо 3 emoji-оор хэл.,vote,Medium,18+,2-10,vote
14-28,14,Хэнтэй адилхан бэ?,28,Эндээс хэнийг илүү танимаар байна?,vote,Hard,18+,2-10,vote
14-29,14,Хэнтэй адилхан бэ?,29,Нэг асуулт өөрөө зохио.,vote,Very Hard,18+,2-10,vote
14-30,14,Хэнтэй адилхан бэ?,30,Тухгүй байвал PASS хийж болно.,vote,Extreme,18+,2-10,vote
15-01,15,Миний тухай таа,1,Өөрийн хамгийн том мөрөөдлөө хэл.,question,Easy,18+,2-10,answer
15-02,15,Миний тухай таа,2,Өөрийн нэг green flag-аа хэл.,question,Medium,18+,2-10,answer
15-03,15,Миний тухай таа,3,Өөрийн нэг red flag-аа хэл.,question,Hard,18+,2-10,answer
15-04,15,Миний тухай таа,4,Сүүлд хэзээ үнэхээр баярласан бэ?,question,Very Hard,18+,2-10,answer
15-05,15,Миний тухай таа,5,Хэнээс message ирэхийг хүлээдэг вэ?,question,Extreme,18+,2-10,answer
15-06,15,Миний тухай таа,6,Perfect weekend-ээ тайлбарла.,question,Easy,18+,2-10,answer
15-07,15,Миний тухай таа,7,Dream destination-оо хэл.,question,Medium,18+,2-10,answer
15-08,15,Миний тухай таа,8,Хамгийн их хүндэлдэг чанараа хэл.,question,Hard,18+,2-10,answer
15-09,15,Миний тухай таа,9,Хамгийн муу зуршлаа хэл.,question,Very Hard,18+,2-10,answer
15-10,15,Миний тухай таа,10,Хамгийн сайн чанараа хэл.,question,Extreme,18+,2-10,answer
15-11,15,Миний тухай таа,11,5 жилийн дараах өөрийгөө төсөөл.,question,Easy,18+,2-10,answer
15-12,15,Миний тухай таа,12,Нэг хүнийг сонгоод compliment өг.,question,Medium,18+,2-10,answer
15-13,15,Миний тухай таа,13,Нэг хүний first impression-ийг хэл.,question,Hard,18+,2-10,answer
15-14,15,Миний тухай таа,14,Нэг дуу санал болго.,question,Very Hard,18+,2-10,answer
15-15,15,Миний тухай таа,15,Нэг кино санал болго.,question,Extreme,18+,2-10,answer
15-16,15,Миний тухай таа,16,Нэг хоол сонгоод тайлбарла.,question,Easy,18+,2-10,answer
15-17,15,Миний тухай таа,17,Нэг hobby туршиж үзмээр байгаагаа хэл.,question,Medium,18+,2-10,answer
15-18,15,Миний тухай таа,18,Мөнгө авбал хамгийн түрүүнд юу хийх вэ?,question,Hard,18+,2-10,answer
15-19,15,Миний тухай таа,19,Ямар хүнтэй амархан найзлах вэ?,question,Very Hard,18+,2-10,answer
15-20,15,Миний тухай таа,20,Ямар зан хамгийн их turn-off вэ?,question,Extreme,18+,2-10,answer
15-21,15,Миний тухай таа,21,Ямар зан хамгийн их татдаг вэ?,question,Easy,18+,2-10,answer
15-22,15,Миний тухай таа,22,Өнгөрсөнд очвол юу өөрчлөх вэ?,question,Medium,18+,2-10,answer
15-23,15,Миний тухай таа,23,Ирээдүйгээ харвал юу мэдмээр байна?,question,Hard,18+,2-10,answer
15-24,15,Миний тухай таа,24,Хэнтэй road trip хийх вэ?,question,Very Hard,18+,2-10,answer
15-25,15,Миний тухай таа,25,Хэнтэй удаан ярилцмаар байна?,question,Extreme,18+,2-10,answer
15-26,15,Миний тухай таа,26,Өөрийгөө 3 үгээр тодорхойл.,question,Easy,18+,2-10,answer
15-27,15,Миний тухай таа,27,Өнөөдрийн mood-оо 3 emoji-оор хэл.,question,Medium,18+,2-10,answer
15-28,15,Миний тухай таа,28,Эндээс хэнийг илүү танимаар байна?,question,Hard,18+,2-10,answer
15-29,15,Миний тухай таа,29,Нэг асуулт өөрөө зохио.,question,Very Hard,18+,2-10,answer
15-30,15,Миний тухай таа,30,Тухгүй байвал PASS хийж болно.,question,Extreme,18+,2-10,answer
16-01,16,Хэзээ ч асууж байгаагүй,1,Өөрийн хамгийн том мөрөөдлөө хэл.,question,Easy,18+,2-10,answer
16-02,16,Хэзээ ч асууж байгаагүй,2,Өөрийн нэг green flag-аа хэл.,question,Medium,18+,2-10,answer
16-03,16,Хэзээ ч асууж байгаагүй,3,Өөрийн нэг red flag-аа хэл.,question,Hard,18+,2-10,answer
16-04,16,Хэзээ ч асууж байгаагүй,4,Сүүлд хэзээ үнэхээр баярласан бэ?,question,Very Hard,18+,2-10,answer
16-05,16,Хэзээ ч асууж байгаагүй,5,Хэнээс message ирэхийг хүлээдэг вэ?,question,Extreme,18+,2-10,answer
16-06,16,Хэзээ ч асууж байгаагүй,6,Perfect weekend-ээ тайлбарла.,question,Easy,18+,2-10,answer
16-07,16,Хэзээ ч асууж байгаагүй,7,Dream destination-оо хэл.,question,Medium,18+,2-10,answer
16-08,16,Хэзээ ч асууж байгаагүй,8,Хамгийн их хүндэлдэг чанараа хэл.,question,Hard,18+,2-10,answer
16-09,16,Хэзээ ч асууж байгаагүй,9,Хамгийн муу зуршлаа хэл.,question,Very Hard,18+,2-10,answer
16-10,16,Хэзээ ч асууж байгаагүй,10,Хамгийн сайн чанараа хэл.,question,Extreme,18+,2-10,answer
16-11,16,Хэзээ ч асууж байгаагүй,11,5 жилийн дараах өөрийгөө төсөөл.,question,Easy,18+,2-10,answer
16-12,16,Хэзээ ч асууж байгаагүй,12,Нэг хүнийг сонгоод compliment өг.,question,Medium,18+,2-10,answer
16-13,16,Хэзээ ч асууж байгаагүй,13,Нэг хүний first impression-ийг хэл.,question,Hard,18+,2-10,answer
16-14,16,Хэзээ ч асууж байгаагүй,14,Нэг дуу санал болго.,question,Very Hard,18+,2-10,answer
16-15,16,Хэзээ ч асууж байгаагүй,15,Нэг кино санал болго.,question,Extreme,18+,2-10,answer
16-16,16,Хэзээ ч асууж байгаагүй,16,Нэг хоол сонгоод тайлбарла.,question,Easy,18+,2-10,answer
16-17,16,Хэзээ ч асууж байгаагүй,17,Нэг hobby туршиж үзмээр байгаагаа хэл.,question,Medium,18+,2-10,answer
16-18,16,Хэзээ ч асууж байгаагүй,18,Мөнгө авбал хамгийн түрүүнд юу хийх вэ?,question,Hard,18+,2-10,answer
16-19,16,Хэзээ ч асууж байгаагүй,19,Ямар хүнтэй амархан найзлах вэ?,question,Very Hard,18+,2-10,answer
16-20,16,Хэзээ ч асууж байгаагүй,20,Ямар зан хамгийн их turn-off вэ?,question,Extreme,18+,2-10,answer
16-21,16,Хэзээ ч асууж байгаагүй,21,Ямар зан хамгийн их татдаг вэ?,question,Easy,18+,2-10,answer
16-22,16,Хэзээ ч асууж байгаагүй,22,Өнгөрсөнд очвол юу өөрчлөх вэ?,question,Medium,18+,2-10,answer
16-23,16,Хэзээ ч асууж байгаагүй,23,Ирээдүйгээ харвал юу мэдмээр байна?,question,Hard,18+,2-10,answer
16-24,16,Хэзээ ч асууж байгаагүй,24,Хэнтэй road trip хийх вэ?,question,Very Hard,18+,2-10,answer
16-25,16,Хэзээ ч асууж байгаагүй,25,Хэнтэй удаан ярилцмаар байна?,question,Extreme,18+,2-10,answer
16-26,16,Хэзээ ч асууж байгаагүй,26,Өөрийгөө 3 үгээр тодорхойл.,question,Easy,18+,2-10,answer
16-27,16,Хэзээ ч асууж байгаагүй,27,Өнөөдрийн mood-оо 3 emoji-оор хэл.,question,Medium,18+,2-10,answer
16-28,16,Хэзээ ч асууж байгаагүй,28,Эндээс хэнийг илүү танимаар байна?,question,Hard,18+,2-10,answer
16-29,16,Хэзээ ч асууж байгаагүй,29,Нэг асуулт өөрөө зохио.,question,Very Hard,18+,2-10,answer
16-30,16,Хэзээ ч асууж байгаагүй,30,Тухгүй байвал PASS хийж болно.,question,Extreme,18+,2-10,answer
17-01,17,Сонго эсвэл тайлбарла,1,Өөрийн хамгийн том мөрөөдлөө хэл.,choice,Easy,18+,2-10,choose
17-02,17,Сонго эсвэл тайлбарла,2,Өөрийн нэг green flag-аа хэл.,choice,Medium,18+,2-10,choose
17-03,17,Сонго эсвэл тайлбарла,3,Өөрийн нэг red flag-аа хэл.,choice,Hard,18+,2-10,choose
17-04,17,Сонго эсвэл тайлбарла,4,Сүүлд хэзээ үнэхээр баярласан бэ?,choice,Very Hard,18+,2-10,choose
17-05,17,Сонго эсвэл тайлбарла,5,Хэнээс message ирэхийг хүлээдэг вэ?,choice,Extreme,18+,2-10,choose
17-06,17,Сонго эсвэл тайлбарла,6,Perfect weekend-ээ тайлбарла.,choice,Easy,18+,2-10,choose
17-07,17,Сонго эсвэл тайлбарла,7,Dream destination-оо хэл.,choice,Medium,18+,2-10,choose
17-08,17,Сонго эсвэл тайлбарла,8,Хамгийн их хүндэлдэг чанараа хэл.,choice,Hard,18+,2-10,choose
17-09,17,Сонго эсвэл тайлбарла,9,Хамгийн муу зуршлаа хэл.,choice,Very Hard,18+,2-10,choose
17-10,17,Сонго эсвэл тайлбарла,10,Хамгийн сайн чанараа хэл.,choice,Extreme,18+,2-10,choose
17-11,17,Сонго эсвэл тайлбарла,11,5 жилийн дараах өөрийгөө төсөөл.,choice,Easy,18+,2-10,choose
17-12,17,Сонго эсвэл тайлбарла,12,Нэг хүнийг сонгоод compliment өг.,choice,Medium,18+,2-10,choose
17-13,17,Сонго эсвэл тайлбарла,13,Нэг хүний first impression-ийг хэл.,choice,Hard,18+,2-10,choose
17-14,17,Сонго эсвэл тайлбарла,14,Нэг дуу санал болго.,choice,Very Hard,18+,2-10,choose
17-15,17,Сонго эсвэл тайлбарла,15,Нэг кино санал болго.,choice,Extreme,18+,2-10,choose
17-16,17,Сонго эсвэл тайлбарла,16,Нэг хоол сонгоод тайлбарла.,choice,Easy,18+,2-10,choose
17-17,17,Сонго эсвэл тайлбарла,17,Нэг hobby туршиж үзмээр байгаагаа хэл.,choice,Medium,18+,2-10,choose
17-18,17,Сонго эсвэл тайлбарла,18,Мөнгө авбал хамгийн түрүүнд юу хийх вэ?,choice,Hard,18+,2-10,choose
17-19,17,Сонго эсвэл тайлбарла,19,Ямар хүнтэй амархан найзлах вэ?,choice,Very Hard,18+,2-10,choose
17-20,17,Сонго эсвэл тайлбарла,20,Ямар зан хамгийн их turn-off вэ?,choice,Extreme,18+,2-10,choose
17-21,17,Сонго эсвэл тайлбарла,21,Ямар зан хамгийн их татдаг вэ?,choice,Easy,18+,2-10,choose
17-22,17,Сонго эсвэл тайлбарла,22,Өнгөрсөнд очвол юу өөрчлөх вэ?,choice,Medium,18+,2-10,choose
17-23,17,Сонго эсвэл тайлбарла,23,Ирээдүйгээ харвал юу мэдмээр байна?,choice,Hard,18+,2-10,choose
17-24,17,Сонго эсвэл тайлбарла,24,Хэнтэй road trip хийх вэ?,choice,Very Hard,18+,2-10,choose
17-25,17,Сонго эсвэл тайлбарла,25,Хэнтэй удаан ярилцмаар байна?,choice,Extreme,18+,2-10,choose
17-26,17,Сонго эсвэл тайлбарла,26,Өөрийгөө 3 үгээр тодорхойл.,choice,Easy,18+,2-10,choose
17-27,17,Сонго эсвэл тайлбарла,27,Өнөөдрийн mood-оо 3 emoji-оор хэл.,choice,Medium,18+,2-10,choose
17-28,17,Сонго эсвэл тайлбарла,28,Эндээс хэнийг илүү танимаар байна?,choice,Hard,18+,2-10,choose
17-29,17,Сонго эсвэл тайлбарла,29,Нэг асуулт өөрөө зохио.,choice,Very Hard,18+,2-10,choose
17-30,17,Сонго эсвэл тайлбарла,30,Тухгүй байвал PASS хийж болно.,choice,Extreme,18+,2-10,choose
18-01,18,Миний type,1,Өөрийн хамгийн том мөрөөдлөө хэл.,choice,Easy,18+,2-10,choose
18-02,18,Миний type,2,Өөрийн нэг green flag-аа хэл.,choice,Medium,18+,2-10,choose
18-03,18,Миний type,3,Өөрийн нэг red flag-аа хэл.,choice,Hard,18+,2-10,choose
18-04,18,Миний type,4,Сүүлд хэзээ үнэхээр баярласан бэ?,choice,Very Hard,18+,2-10,choose
18-05,18,Миний type,5,Хэнээс message ирэхийг хүлээдэг вэ?,choice,Extreme,18+,2-10,choose
18-06,18,Миний type,6,Perfect weekend-ээ тайлбарла.,choice,Easy,18+,2-10,choose
18-07,18,Миний type,7,Dream destination-оо хэл.,choice,Medium,18+,2-10,choose
18-08,18,Миний type,8,Хамгийн их хүндэлдэг чанараа хэл.,choice,Hard,18+,2-10,choose
18-09,18,Миний type,9,Хамгийн муу зуршлаа хэл.,choice,Very Hard,18+,2-10,choose
18-10,18,Миний type,10,Хамгийн сайн чанараа хэл.,choice,Extreme,18+,2-10,choose
18-11,18,Миний type,11,5 жилийн дараах өөрийгөө төсөөл.,choice,Easy,18+,2-10,choose
18-12,18,Миний type,12,Нэг хүнийг сонгоод compliment өг.,choice,Medium,18+,2-10,choose
18-13,18,Миний type,13,Нэг хүний first impression-ийг хэл.,choice,Hard,18+,2-10,choose
18-14,18,Миний type,14,Нэг дуу санал болго.,choice,Very Hard,18+,2-10,choose
18-15,18,Миний type,15,Нэг кино санал болго.,choice,Extreme,18+,2-10,choose
18-16,18,Миний type,16,Нэг хоол сонгоод тайлбарла.,choice,Easy,18+,2-10,choose
18-17,18,Миний type,17,Нэг hobby туршиж үзмээр байгаагаа хэл.,choice,Medium,18+,2-10,choose
18-18,18,Миний type,18,Мөнгө авбал хамгийн түрүүнд юу хийх вэ?,choice,Hard,18+,2-10,choose
18-19,18,Миний type,19,Ямар хүнтэй амархан найзлах вэ?,choice,Very Hard,18+,2-10,choose
18-20,18,Миний type,20,Ямар зан хамгийн их turn-off вэ?,choice,Extreme,18+,2-10,choose
18-21,18,Миний type,21,Ямар зан хамгийн их татдаг вэ?,choice,Easy,18+,2-10,choose
18-22,18,Миний type,22,Өнгөрсөнд очвол юу өөрчлөх вэ?,choice,Medium,18+,2-10,choose
18-23,18,Миний type,23,Ирээдүйгээ харвал юу мэдмээр байна?,choice,Hard,18+,2-10,choose
18-24,18,Миний type,24,Хэнтэй road trip хийх вэ?,choice,Very Hard,18+,2-10,choose
18-25,18,Миний type,25,Хэнтэй удаан ярилцмаар байна?,choice,Extreme,18+,2-10,choose
18-26,18,Миний type,26,Өөрийгөө 3 үгээр тодорхойл.,choice,Easy,18+,2-10,choose
18-27,18,Миний type,27,Өнөөдрийн mood-оо 3 emoji-оор хэл.,choice,Medium,18+,2-10,choose
18-28,18,Миний type,28,Эндээс хэнийг илүү танимаар байна?,choice,Hard,18+,2-10,choose
18-29,18,Миний type,29,Нэг асуулт өөрөө зохио.,choice,Very Hard,18+,2-10,choose
18-30,18,Миний type,30,Тухгүй байвал PASS хийж болно.,choice,Extreme,18+,2-10,choose
19-01,19,Green Flag / Red Flag,1,Өөрийн хамгийн том мөрөөдлөө хэл.,choice,Easy,18+,2-10,choose
19-02,19,Green Flag / Red Flag,2,Өөрийн нэг green flag-аа хэл.,choice,Medium,18+,2-10,choose
19-03,19,Green Flag / Red Flag,3,Өөрийн нэг red flag-аа хэл.,choice,Hard,18+,2-10,choose
19-04,19,Green Flag / Red Flag,4,Сүүлд хэзээ үнэхээр баярласан бэ?,choice,Very Hard,18+,2-10,choose
19-05,19,Green Flag / Red Flag,5,Хэнээс message ирэхийг хүлээдэг вэ?,choice,Extreme,18+,2-10,choose
19-06,19,Green Flag / Red Flag,6,Perfect weekend-ээ тайлбарла.,choice,Easy,18+,2-10,choose
19-07,19,Green Flag / Red Flag,7,Dream destination-оо хэл.,choice,Medium,18+,2-10,choose
19-08,19,Green Flag / Red Flag,8,Хамгийн их хүндэлдэг чанараа хэл.,choice,Hard,18+,2-10,choose
19-09,19,Green Flag / Red Flag,9,Хамгийн муу зуршлаа хэл.,choice,Very Hard,18+,2-10,choose
19-10,19,Green Flag / Red Flag,10,Хамгийн сайн чанараа хэл.,choice,Extreme,18+,2-10,choose
19-11,19,Green Flag / Red Flag,11,5 жилийн дараах өөрийгөө төсөөл.,choice,Easy,18+,2-10,choose
19-12,19,Green Flag / Red Flag,12,Нэг хүнийг сонгоод compliment өг.,choice,Medium,18+,2-10,choose
19-13,19,Green Flag / Red Flag,13,Нэг хүний first impression-ийг хэл.,choice,Hard,18+,2-10,choose
19-14,19,Green Flag / Red Flag,14,Нэг дуу санал болго.,choice,Very Hard,18+,2-10,choose
19-15,19,Green Flag / Red Flag,15,Нэг кино санал болго.,choice,Extreme,18+,2-10,choose
19-16,19,Green Flag / Red Flag,16,Нэг хоол сонгоод тайлбарла.,choice,Easy,18+,2-10,choose
19-17,19,Green Flag / Red Flag,17,Нэг hobby туршиж үзмээр байгаагаа хэл.,choice,Medium,18+,2-10,choose
19-18,19,Green Flag / Red Flag,18,Мөнгө авбал хамгийн түрүүнд юу хийх вэ?,choice,Hard,18+,2-10,choose
19-19,19,Green Flag / Red Flag,19,Ямар хүнтэй амархан найзлах вэ?,choice,Very Hard,18+,2-10,choose
19-20,19,Green Flag / Red Flag,20,Ямар зан хамгийн их turn-off вэ?,choice,Extreme,18+,2-10,choose
19-21,19,Green Flag / Red Flag,21,Ямар зан хамгийн их татдаг вэ?,choice,Easy,18+,2-10,choose
19-22,19,Green Flag / Red Flag,22,Өнгөрсөнд очвол юу өөрчлөх вэ?,choice,Medium,18+,2-10,choose
19-23,19,Green Flag / Red Flag,23,Ирээдүйгээ харвал юу мэдмээр байна?,choice,Hard,18+,2-10,choose
19-24,19,Green Flag / Red Flag,24,Хэнтэй road trip хийх вэ?,choice,Very Hard,18+,2-10,choose
19-25,19,Green Flag / Red Flag,25,Хэнтэй удаан ярилцмаар байна?,choice,Extreme,18+,2-10,choose
19-26,19,Green Flag / Red Flag,26,Өөрийгөө 3 үгээр тодорхойл.,choice,Easy,18+,2-10,choose
19-27,19,Green Flag / Red Flag,27,Өнөөдрийн mood-оо 3 emoji-оор хэл.,choice,Medium,18+,2-10,choose
19-28,19,Green Flag / Red Flag,28,Эндээс хэнийг илүү танимаар байна?,choice,Hard,18+,2-10,choose
19-29,19,Green Flag / Red Flag,29,Нэг асуулт өөрөө зохио.,choice,Very Hard,18+,2-10,choose
19-30,19,Green Flag / Red Flag,30,Тухгүй байвал PASS хийж болно.,choice,Extreme,18+,2-10,choose
20-01,20,Perfect Date,1,Өөрийн хамгийн том мөрөөдлөө хэл.,choice,Easy,18+,2-10,choose
20-02,20,Perfect Date,2,Өөрийн нэг green flag-аа хэл.,choice,Medium,18+,2-10,choose
20-03,20,Perfect Date,3,Өөрийн нэг red flag-аа хэл.,choice,Hard,18+,2-10,choose
20-04,20,Perfect Date,4,Сүүлд хэзээ үнэхээр баярласан бэ?,choice,Very Hard,18+,2-10,choose
20-05,20,Perfect Date,5,Хэнээс message ирэхийг хүлээдэг вэ?,choice,Extreme,18+,2-10,choose
20-06,20,Perfect Date,6,Perfect weekend-ээ тайлбарла.,choice,Easy,18+,2-10,choose
20-07,20,Perfect Date,7,Dream destination-оо хэл.,choice,Medium,18+,2-10,choose
20-08,20,Perfect Date,8,Хамгийн их хүндэлдэг чанараа хэл.,choice,Hard,18+,2-10,choose
20-09,20,Perfect Date,9,Хамгийн муу зуршлаа хэл.,choice,Very Hard,18+,2-10,choose
20-10,20,Perfect Date,10,Хамгийн сайн чанараа хэл.,choice,Extreme,18+,2-10,choose
20-11,20,Perfect Date,11,5 жилийн дараах өөрийгөө төсөөл.,choice,Easy,18+,2-10,choose
20-12,20,Perfect Date,12,Нэг хүнийг сонгоод compliment өг.,choice,Medium,18+,2-10,choose
20-13,20,Perfect Date,13,Нэг хүний first impression-ийг хэл.,choice,Hard,18+,2-10,choose
20-14,20,Perfect Date,14,Нэг дуу санал болго.,choice,Very Hard,18+,2-10,choose
20-15,20,Perfect Date,15,Нэг кино санал болго.,choice,Extreme,18+,2-10,choose
20-16,20,Perfect Date,16,Нэг хоол сонгоод тайлбарла.,choice,Easy,18+,2-10,choose
20-17,20,Perfect Date,17,Нэг hobby туршиж үзмээр байгаагаа хэл.,choice,Medium,18+,2-10,choose
20-18,20,Perfect Date,18,Мөнгө авбал хамгийн түрүүнд юу хийх вэ?,choice,Hard,18+,2-10,choose
20-19,20,Perfect Date,19,Ямар хүнтэй амархан найзлах вэ?,choice,Very Hard,18+,2-10,choose
20-20,20,Perfect Date,20,Ямар зан хамгийн их turn-off вэ?,choice,Extreme,18+,2-10,choose
20-21,20,Perfect Date,21,Ямар зан хамгийн их татдаг вэ?,choice,Easy,18+,2-10,choose
20-22,20,Perfect Date,22,Өнгөрсөнд очвол юу өөрчлөх вэ?,choice,Medium,18+,2-10,choose
20-23,20,Perfect Date,23,Ирээдүйгээ харвал юу мэдмээр байна?,choice,Hard,18+,2-10,choose
20-24,20,Perfect Date,24,Хэнтэй road trip хийх вэ?,choice,Very Hard,18+,2-10,choose
20-25,20,Perfect Date,25,Хэнтэй удаан ярилцмаар байна?,choice,Extreme,18+,2-10,choose
20-26,20,Perfect Date,26,Өөрийгөө 3 үгээр тодорхойл.,choice,Easy,18+,2-10,choose
20-27,20,Perfect Date,27,Өнөөдрийн mood-оо 3 emoji-оор хэл.,choice,Medium,18+,2-10,choose
20-28,20,Perfect Date,28,Эндээс хэнийг илүү танимаар байна?,choice,Hard,18+,2-10,choose
20-29,20,Perfect Date,29,Нэг асуулт өөрөө зохио.,choice,Very Hard,18+,2-10,choose
20-30,20,Perfect Date,30,Тухгүй байвал PASS хийж болно.,choice,Extreme,18+,2-10,choose
21-01,21,Truth or Dare,1,Өөрийн хамгийн том мөрөөдлөө хэл.,challenge,Easy,18+,2-10,do
21-02,21,Truth or Dare,2,Өөрийн нэг green flag-аа хэл.,challenge,Medium,18+,2-10,do
21-03,21,Truth or Dare,3,Өөрийн нэг red flag-аа хэл.,challenge,Hard,18+,2-10,do
21-04,21,Truth or Dare,4,Сүүлд хэзээ үнэхээр баярласан бэ?,challenge,Very Hard,18+,2-10,do
21-05,21,Truth or Dare,5,Хэнээс message ирэхийг хүлээдэг вэ?,challenge,Extreme,18+,2-10,do
21-06,21,Truth or Dare,6,Perfect weekend-ээ тайлбарла.,challenge,Easy,18+,2-10,do
21-07,21,Truth or Dare,7,Dream destination-оо хэл.,challenge,Medium,18+,2-10,do
21-08,21,Truth or Dare,8,Хамгийн их хүндэлдэг чанараа хэл.,challenge,Hard,18+,2-10,do
21-09,21,Truth or Dare,9,Хамгийн муу зуршлаа хэл.,challenge,Very Hard,18+,2-10,do
21-10,21,Truth or Dare,10,Хамгийн сайн чанараа хэл.,challenge,Extreme,18+,2-10,do
21-11,21,Truth or Dare,11,5 жилийн дараах өөрийгөө төсөөл.,challenge,Easy,18+,2-10,do
21-12,21,Truth or Dare,12,Нэг хүнийг сонгоод compliment өг.,challenge,Medium,18+,2-10,do
21-13,21,Truth or Dare,13,Нэг хүний first impression-ийг хэл.,challenge,Hard,18+,2-10,do
21-14,21,Truth or Dare,14,Нэг дуу санал болго.,challenge,Very Hard,18+,2-10,do
21-15,21,Truth or Dare,15,Нэг кино санал болго.,challenge,Extreme,18+,2-10,do
21-16,21,Truth or Dare,16,Нэг хоол сонгоод тайлбарла.,challenge,Easy,18+,2-10,do
21-17,21,Truth or Dare,17,Нэг hobby туршиж үзмээр байгаагаа хэл.,challenge,Medium,18+,2-10,do
21-18,21,Truth or Dare,18,Мөнгө авбал хамгийн түрүүнд юу хийх вэ?,challenge,Hard,18+,2-10,do
21-19,21,Truth or Dare,19,Ямар хүнтэй амархан найзлах вэ?,challenge,Very Hard,18+,2-10,do
21-20,21,Truth or Dare,20,Ямар зан хамгийн их turn-off вэ?,challenge,Extreme,18+,2-10,do
21-21,21,Truth or Dare,21,Ямар зан хамгийн их татдаг вэ?,challenge,Easy,18+,2-10,do
21-22,21,Truth or Dare,22,Өнгөрсөнд очвол юу өөрчлөх вэ?,challenge,Medium,18+,2-10,do
21-23,21,Truth or Dare,23,Ирээдүйгээ харвал юу мэдмээр байна?,challenge,Hard,18+,2-10,do
21-24,21,Truth or Dare,24,Хэнтэй road trip хийх вэ?,challenge,Very Hard,18+,2-10,do
21-25,21,Truth or Dare,25,Хэнтэй удаан ярилцмаар байна?,challenge,Extreme,18+,2-10,do
21-26,21,Truth or Dare,26,Өөрийгөө 3 үгээр тодорхойл.,challenge,Easy,18+,2-10,do
21-27,21,Truth or Dare,27,Өнөөдрийн mood-оо 3 emoji-оор хэл.,challenge,Medium,18+,2-10,do
21-28,21,Truth or Dare,28,Эндээс хэнийг илүү танимаар байна?,challenge,Hard,18+,2-10,do
21-29,21,Truth or Dare,29,Нэг асуулт өөрөө зохио.,challenge,Very Hard,18+,2-10,do
21-30,21,Truth or Dare,30,Тухгүй байвал PASS хийж болно.,challenge,Extreme,18+,2-10,do
22-01,22,Хариул эсвэл шийтгэл,1,Өөрийн хамгийн том мөрөөдлөө хэл.,challenge,Easy,18+,2-10,do
22-02,22,Хариул эсвэл шийтгэл,2,Өөрийн нэг green flag-аа хэл.,challenge,Medium,18+,2-10,do
22-03,22,Хариул эсвэл шийтгэл,3,Өөрийн нэг red flag-аа хэл.,challenge,Hard,18+,2-10,do
22-04,22,Хариул эсвэл шийтгэл,4,Сүүлд хэзээ үнэхээр баярласан бэ?,challenge,Very Hard,18+,2-10,do
22-05,22,Хариул эсвэл шийтгэл,5,Хэнээс message ирэхийг хүлээдэг вэ?,challenge,Extreme,18+,2-10,do
22-06,22,Хариул эсвэл шийтгэл,6,Perfect weekend-ээ тайлбарла.,challenge,Easy,18+,2-10,do
22-07,22,Хариул эсвэл шийтгэл,7,Dream destination-оо хэл.,challenge,Medium,18+,2-10,do
22-08,22,Хариул эсвэл шийтгэл,8,Хамгийн их хүндэлдэг чанараа хэл.,challenge,Hard,18+,2-10,do
22-09,22,Хариул эсвэл шийтгэл,9,Хамгийн муу зуршлаа хэл.,challenge,Very Hard,18+,2-10,do
22-10,22,Хариул эсвэл шийтгэл,10,Хамгийн сайн чанараа хэл.,challenge,Extreme,18+,2-10,do
22-11,22,Хариул эсвэл шийтгэл,11,5 жилийн дараах өөрийгөө төсөөл.,challenge,Easy,18+,2-10,do
22-12,22,Хариул эсвэл шийтгэл,12,Нэг хүнийг сонгоод compliment өг.,challenge,Medium,18+,2-10,do
22-13,22,Хариул эсвэл шийтгэл,13,Нэг хүний first impression-ийг хэл.,challenge,Hard,18+,2-10,do
22-14,22,Хариул эсвэл шийтгэл,14,Нэг дуу санал болго.,challenge,Very Hard,18+,2-10,do
22-15,22,Хариул эсвэл шийтгэл,15,Нэг кино санал болго.,challenge,Extreme,18+,2-10,do
22-16,22,Хариул эсвэл шийтгэл,16,Нэг хоол сонгоод тайлбарла.,challenge,Easy,18+,2-10,do
22-17,22,Хариул эсвэл шийтгэл,17,Нэг hobby туршиж үзмээр байгаагаа хэл.,challenge,Medium,18+,2-10,do
22-18,22,Хариул эсвэл шийтгэл,18,Мөнгө авбал хамгийн түрүүнд юу хийх вэ?,challenge,Hard,18+,2-10,do
22-19,22,Хариул эсвэл шийтгэл,19,Ямар хүнтэй амархан найзлах вэ?,challenge,Very Hard,18+,2-10,do
22-20,22,Хариул эсвэл шийтгэл,20,Ямар зан хамгийн их turn-off вэ?,challenge,Extreme,18+,2-10,do
22-21,22,Хариул эсвэл шийтгэл,21,Ямар зан хамгийн их татдаг вэ?,challenge,Easy,18+,2-10,do
22-22,22,Хариул эсвэл шийтгэл,22,Өнгөрсөнд очвол юу өөрчлөх вэ?,challenge,Medium,18+,2-10,do
22-23,22,Хариул эсвэл шийтгэл,23,Ирээдүйгээ харвал юу мэдмээр байна?,challenge,Hard,18+,2-10,do
22-24,22,Хариул эсвэл шийтгэл,24,Хэнтэй road trip хийх вэ?,challenge,Very Hard,18+,2-10,do
22-25,22,Хариул эсвэл шийтгэл,25,Хэнтэй удаан ярилцмаар байна?,challenge,Extreme,18+,2-10,do
22-26,22,Хариул эсвэл шийтгэл,26,Өөрийгөө 3 үгээр тодорхойл.,challenge,Easy,18+,2-10,do
22-27,22,Хариул эсвэл шийтгэл,27,Өнөөдрийн mood-оо 3 emoji-оор хэл.,challenge,Medium,18+,2-10,do
22-28,22,Хариул эсвэл шийтгэл,28,Эндээс хэнийг илүү танимаар байна?,challenge,Hard,18+,2-10,do
22-29,22,Хариул эсвэл шийтгэл,29,Нэг асуулт өөрөө зохио.,challenge,Very Hard,18+,2-10,do
22-30,22,Хариул эсвэл шийтгэл,30,Тухгүй байвал PASS хийж болно.,challenge,Extreme,18+,2-10,do
23-01,23,Нууц асуулт,1,Өөрийн хамгийн том мөрөөдлөө хэл.,question,Easy,18+,2-10,answer
23-02,23,Нууц асуулт,2,Өөрийн нэг green flag-аа хэл.,question,Medium,18+,2-10,answer
23-03,23,Нууц асуулт,3,Өөрийн нэг red flag-аа хэл.,question,Hard,18+,2-10,answer
23-04,23,Нууц асуулт,4,Сүүлд хэзээ үнэхээр баярласан бэ?,question,Very Hard,18+,2-10,answer
23-05,23,Нууц асуулт,5,Хэнээс message ирэхийг хүлээдэг вэ?,question,Extreme,18+,2-10,answer
23-06,23,Нууц асуулт,6,Perfect weekend-ээ тайлбарла.,question,Easy,18+,2-10,answer
23-07,23,Нууц асуулт,7,Dream destination-оо хэл.,question,Medium,18+,2-10,answer
23-08,23,Нууц асуулт,8,Хамгийн их хүндэлдэг чанараа хэл.,question,Hard,18+,2-10,answer
23-09,23,Нууц асуулт,9,Хамгийн муу зуршлаа хэл.,question,Very Hard,18+,2-10,answer
23-10,23,Нууц асуулт,10,Хамгийн сайн чанараа хэл.,question,Extreme,18+,2-10,answer
23-11,23,Нууц асуулт,11,5 жилийн дараах өөрийгөө төсөөл.,question,Easy,18+,2-10,answer
23-12,23,Нууц асуулт,12,Нэг хүнийг сонгоод compliment өг.,question,Medium,18+,2-10,answer
23-13,23,Нууц асуулт,13,Нэг хүний first impression-ийг хэл.,question,Hard,18+,2-10,answer
23-14,23,Нууц асуулт,14,Нэг дуу санал болго.,question,Very Hard,18+,2-10,answer
23-15,23,Нууц асуулт,15,Нэг кино санал болго.,question,Extreme,18+,2-10,answer
23-16,23,Нууц асуулт,16,Нэг хоол сонгоод тайлбарла.,question,Easy,18+,2-10,answer
23-17,23,Нууц асуулт,17,Нэг hobby туршиж үзмээр байгаагаа хэл.,question,Medium,18+,2-10,answer
23-18,23,Нууц асуулт,18,Мөнгө авбал хамгийн түрүүнд юу хийх вэ?,question,Hard,18+,2-10,answer
23-19,23,Нууц асуулт,19,Ямар хүнтэй амархан найзлах вэ?,question,Very Hard,18+,2-10,answer
23-20,23,Нууц асуулт,20,Ямар зан хамгийн их turn-off вэ?,question,Extreme,18+,2-10,answer
23-21,23,Нууц асуулт,21,Ямар зан хамгийн их татдаг вэ?,question,Easy,18+,2-10,answer
23-22,23,Нууц асуулт,22,Өнгөрсөнд очвол юу өөрчлөх вэ?,question,Medium,18+,2-10,answer
23-23,23,Нууц асуулт,23,Ирээдүйгээ харвал юу мэдмээр байна?,question,Hard,18+,2-10,answer
23-24,23,Нууц асуулт,24,Хэнтэй road trip хийх вэ?,question,Very Hard,18+,2-10,answer
23-25,23,Нууц асуулт,25,Хэнтэй удаан ярилцмаар байна?,question,Extreme,18+,2-10,answer
23-26,23,Нууц асуулт,26,Өөрийгөө 3 үгээр тодорхойл.,question,Easy,18+,2-10,answer
23-27,23,Нууц асуулт,27,Өнөөдрийн mood-оо 3 emoji-оор хэл.,question,Medium,18+,2-10,answer
23-28,23,Нууц асуулт,28,Эндээс хэнийг илүү танимаар байна?,question,Hard,18+,2-10,answer
23-29,23,Нууц асуулт,29,Нэг асуулт өөрөө зохио.,question,Very Hard,18+,2-10,answer
23-30,23,Нууц асуулт,30,Тухгүй байвал PASS хийж болно.,question,Extreme,18+,2-10,answer
24-01,24,Crush-аа сонго,1,Өөрийн хамгийн том мөрөөдлөө хэл.,choice,Easy,18+,2-10,choose
24-02,24,Crush-аа сонго,2,Өөрийн нэг green flag-аа хэл.,choice,Medium,18+,2-10,choose
24-03,24,Crush-аа сонго,3,Өөрийн нэг red flag-аа хэл.,choice,Hard,18+,2-10,choose
24-04,24,Crush-аа сонго,4,Сүүлд хэзээ үнэхээр баярласан бэ?,choice,Very Hard,18+,2-10,choose
24-05,24,Crush-аа сонго,5,Хэнээс message ирэхийг хүлээдэг вэ?,choice,Extreme,18+,2-10,choose
24-06,24,Crush-аа сонго,6,Perfect weekend-ээ тайлбарла.,choice,Easy,18+,2-10,choose
24-07,24,Crush-аа сонго,7,Dream destination-оо хэл.,choice,Medium,18+,2-10,choose
24-08,24,Crush-аа сонго,8,Хамгийн их хүндэлдэг чанараа хэл.,choice,Hard,18+,2-10,choose
24-09,24,Crush-аа сонго,9,Хамгийн муу зуршлаа хэл.,choice,Very Hard,18+,2-10,choose
24-10,24,Crush-аа сонго,10,Хамгийн сайн чанараа хэл.,choice,Extreme,18+,2-10,choose
24-11,24,Crush-аа сонго,11,5 жилийн дараах өөрийгөө төсөөл.,choice,Easy,18+,2-10,choose
24-12,24,Crush-аа сонго,12,Нэг хүнийг сонгоод compliment өг.,choice,Medium,18+,2-10,choose
24-13,24,Crush-аа сонго,13,Нэг хүний first impression-ийг хэл.,choice,Hard,18+,2-10,choose
24-14,24,Crush-аа сонго,14,Нэг дуу санал болго.,choice,Very Hard,18+,2-10,choose
24-15,24,Crush-аа сонго,15,Нэг кино санал болго.,choice,Extreme,18+,2-10,choose
24-16,24,Crush-аа сонго,16,Нэг хоол сонгоод тайлбарла.,choice,Easy,18+,2-10,choose
24-17,24,Crush-аа сонго,17,Нэг hobby туршиж үзмээр байгаагаа хэл.,choice,Medium,18+,2-10,choose
24-18,24,Crush-аа сонго,18,Мөнгө авбал хамгийн түрүүнд юу хийх вэ?,choice,Hard,18+,2-10,choose
24-19,24,Crush-аа сонго,19,Ямар хүнтэй амархан найзлах вэ?,choice,Very Hard,18+,2-10,choose
24-20,24,Crush-аа сонго,20,Ямар зан хамгийн их turn-off вэ?,choice,Extreme,18+,2-10,choose
24-21,24,Crush-аа сонго,21,Ямар зан хамгийн их татдаг вэ?,choice,Easy,18+,2-10,choose
24-22,24,Crush-аа сонго,22,Өнгөрсөнд очвол юу өөрчлөх вэ?,choice,Medium,18+,2-10,choose
24-23,24,Crush-аа сонго,23,Ирээдүйгээ харвал юу мэдмээр байна?,choice,Hard,18+,2-10,choose
24-24,24,Crush-аа сонго,24,Хэнтэй road trip хийх вэ?,choice,Very Hard,18+,2-10,choose
24-25,24,Crush-аа сонго,25,Хэнтэй удаан ярилцмаар байна?,choice,Extreme,18+,2-10,choose
24-26,24,Crush-аа сонго,26,Өөрийгөө 3 үгээр тодорхойл.,choice,Easy,18+,2-10,choose
24-27,24,Crush-аа сонго,27,Өнөөдрийн mood-оо 3 emoji-оор хэл.,choice,Medium,18+,2-10,choose
24-28,24,Crush-аа сонго,28,Эндээс хэнийг илүү танимаар байна?,choice,Hard,18+,2-10,choose
24-29,24,Crush-аа сонго,29,Нэг асуулт өөрөө зохио.,choice,Very Hard,18+,2-10,choose
24-30,24,Crush-аа сонго,30,Тухгүй байвал PASS хийж болно.,choice,Extreme,18+,2-10,choose
25-01,25,"Болзох уу, найзлах уу?",1,Өөрийн хамгийн том мөрөөдлөө хэл.,choice,Easy,18+,2-10,choose
25-02,25,"Болзох уу, найзлах уу?",2,Өөрийн нэг green flag-аа хэл.,choice,Medium,18+,2-10,choose
25-03,25,"Болзох уу, найзлах уу?",3,Өөрийн нэг red flag-аа хэл.,choice,Hard,18+,2-10,choose
25-04,25,"Болзох уу, найзлах уу?",4,Сүүлд хэзээ үнэхээр баярласан бэ?,choice,Very Hard,18+,2-10,choose
25-05,25,"Болзох уу, найзлах уу?",5,Хэнээс message ирэхийг хүлээдэг вэ?,choice,Extreme,18+,2-10,choose
25-06,25,"Болзох уу, найзлах уу?",6,Perfect weekend-ээ тайлбарла.,choice,Easy,18+,2-10,choose
25-07,25,"Болзох уу, найзлах уу?",7,Dream destination-оо хэл.,choice,Medium,18+,2-10,choose
25-08,25,"Болзох уу, найзлах уу?",8,Хамгийн их хүндэлдэг чанараа хэл.,choice,Hard,18+,2-10,choose
25-09,25,"Болзох уу, найзлах уу?",9,Хамгийн муу зуршлаа хэл.,choice,Very Hard,18+,2-10,choose
25-10,25,"Болзох уу, найзлах уу?",10,Хамгийн сайн чанараа хэл.,choice,Extreme,18+,2-10,choose
25-11,25,"Болзох уу, найзлах уу?",11,5 жилийн дараах өөрийгөө төсөөл.,choice,Easy,18+,2-10,choose
25-12,25,"Болзох уу, найзлах уу?",12,Нэг хүнийг сонгоод compliment өг.,choice,Medium,18+,2-10,choose
25-13,25,"Болзох уу, найзлах уу?",13,Нэг хүний first impression-ийг хэл.,choice,Hard,18+,2-10,choose
25-14,25,"Болзох уу, найзлах уу?",14,Нэг дуу санал болго.,choice,Very Hard,18+,2-10,choose
25-15,25,"Болзох уу, найзлах уу?",15,Нэг кино санал болго.,choice,Extreme,18+,2-10,choose
25-16,25,"Болзох уу, найзлах уу?",16,Нэг хоол сонгоод тайлбарла.,choice,Easy,18+,2-10,choose
25-17,25,"Болзох уу, найзлах уу?",17,Нэг hobby туршиж үзмээр байгаагаа хэл.,choice,Medium,18+,2-10,choose
25-18,25,"Болзох уу, найзлах уу?",18,Мөнгө авбал хамгийн түрүүнд юу хийх вэ?,choice,Hard,18+,2-10,choose
25-19,25,"Болзох уу, найзлах уу?",19,Ямар хүнтэй амархан найзлах вэ?,choice,Very Hard,18+,2-10,choose
25-20,25,"Болзох уу, найзлах уу?",20,Ямар зан хамгийн их turn-off вэ?,choice,Extreme,18+,2-10,choose
25-21,25,"Болзох уу, найзлах уу?",21,Ямар зан хамгийн их татдаг вэ?,choice,Easy,18+,2-10,choose
25-22,25,"Болзох уу, найзлах уу?",22,Өнгөрсөнд очвол юу өөрчлөх вэ?,choice,Medium,18+,2-10,choose
25-23,25,"Болзох уу, найзлах уу?",23,Ирээдүйгээ харвал юу мэдмээр байна?,choice,Hard,18+,2-10,choose
25-24,25,"Болзох уу, найзлах уу?",24,Хэнтэй road trip хийх вэ?,choice,Very Hard,18+,2-10,choose
25-25,25,"Болзох уу, найзлах уу?",25,Хэнтэй удаан ярилцмаар байна?,choice,Extreme,18+,2-10,choose
25-26,25,"Болзох уу, найзлах уу?",26,Өөрийгөө 3 үгээр тодорхойл.,choice,Easy,18+,2-10,choose
25-27,25,"Болзох уу, найзлах уу?",27,Өнөөдрийн mood-оо 3 emoji-оор хэл.,choice,Medium,18+,2-10,choose
25-28,25,"Болзох уу, найзлах уу?",28,Эндээс хэнийг илүү танимаар байна?,choice,Hard,18+,2-10,choose
25-29,25,"Болзох уу, найзлах уу?",29,Нэг асуулт өөрөө зохио.,choice,Very Hard,18+,2-10,choose
25-30,25,"Болзох уу, найзлах уу?",30,Тухгүй байвал PASS хийж болно.,choice,Extreme,18+,2-10,choose
26-01,26,Kiss / Marry / Kill,1,Өөрийн хамгийн том мөрөөдлөө хэл.,choice,Easy,18+,2-10,choose
26-02,26,Kiss / Marry / Kill,2,Өөрийн нэг green flag-аа хэл.,choice,Medium,18+,2-10,choose
26-03,26,Kiss / Marry / Kill,3,Өөрийн нэг red flag-аа хэл.,choice,Hard,18+,2-10,choose
26-04,26,Kiss / Marry / Kill,4,Сүүлд хэзээ үнэхээр баярласан бэ?,choice,Very Hard,18+,2-10,choose
26-05,26,Kiss / Marry / Kill,5,Хэнээс message ирэхийг хүлээдэг вэ?,choice,Extreme,18+,2-10,choose
26-06,26,Kiss / Marry / Kill,6,Perfect weekend-ээ тайлбарла.,choice,Easy,18+,2-10,choose
26-07,26,Kiss / Marry / Kill,7,Dream destination-оо хэл.,choice,Medium,18+,2-10,choose
26-08,26,Kiss / Marry / Kill,8,Хамгийн их хүндэлдэг чанараа хэл.,choice,Hard,18+,2-10,choose
26-09,26,Kiss / Marry / Kill,9,Хамгийн муу зуршлаа хэл.,choice,Very Hard,18+,2-10,choose
26-10,26,Kiss / Marry / Kill,10,Хамгийн сайн чанараа хэл.,choice,Extreme,18+,2-10,choose
26-11,26,Kiss / Marry / Kill,11,5 жилийн дараах өөрийгөө төсөөл.,choice,Easy,18+,2-10,choose
26-12,26,Kiss / Marry / Kill,12,Нэг хүнийг сонгоод compliment өг.,choice,Medium,18+,2-10,choose
26-13,26,Kiss / Marry / Kill,13,Нэг хүний first impression-ийг хэл.,choice,Hard,18+,2-10,choose
26-14,26,Kiss / Marry / Kill,14,Нэг дуу санал болго.,choice,Very Hard,18+,2-10,choose
26-15,26,Kiss / Marry / Kill,15,Нэг кино санал болго.,choice,Extreme,18+,2-10,choose
26-16,26,Kiss / Marry / Kill,16,Нэг хоол сонгоод тайлбарла.,choice,Easy,18+,2-10,choose
26-17,26,Kiss / Marry / Kill,17,Нэг hobby туршиж үзмээр байгаагаа хэл.,choice,Medium,18+,2-10,choose
26-18,26,Kiss / Marry / Kill,18,Мөнгө авбал хамгийн түрүүнд юу хийх вэ?,choice,Hard,18+,2-10,choose
26-19,26,Kiss / Marry / Kill,19,Ямар хүнтэй амархан найзлах вэ?,choice,Very Hard,18+,2-10,choose
26-20,26,Kiss / Marry / Kill,20,Ямар зан хамгийн их turn-off вэ?,choice,Extreme,18+,2-10,choose
26-21,26,Kiss / Marry / Kill,21,Ямар зан хамгийн их татдаг вэ?,choice,Easy,18+,2-10,choose
26-22,26,Kiss / Marry / Kill,22,Өнгөрсөнд очвол юу өөрчлөх вэ?,choice,Medium,18+,2-10,choose
26-23,26,Kiss / Marry / Kill,23,Ирээдүйгээ харвал юу мэдмээр байна?,choice,Hard,18+,2-10,choose
26-24,26,Kiss / Marry / Kill,24,Хэнтэй road trip хийх вэ?,choice,Very Hard,18+,2-10,choose
26-25,26,Kiss / Marry / Kill,25,Хэнтэй удаан ярилцмаар байна?,choice,Extreme,18+,2-10,choose
26-26,26,Kiss / Marry / Kill,26,Өөрийгөө 3 үгээр тодорхойл.,choice,Easy,18+,2-10,choose
26-27,26,Kiss / Marry / Kill,27,Өнөөдрийн mood-оо 3 emoji-оор хэл.,choice,Medium,18+,2-10,choose
26-28,26,Kiss / Marry / Kill,28,Эндээс хэнийг илүү танимаар байна?,choice,Hard,18+,2-10,choose
26-29,26,Kiss / Marry / Kill,29,Нэг асуулт өөрөө зохио.,choice,Very Hard,18+,2-10,choose
26-30,26,Kiss / Marry / Kill,30,Тухгүй байвал PASS хийж болно.,choice,Extreme,18+,2-10,choose
27-01,27,Хэн хамгийн...?,1,Эндээс хэн хамгийн түрүүнд гэрлэх вэ?,vote,Easy,18+,2-10,vote
27-02,27,Хэн хамгийн...?,2,Эндээс хэн хамгийн их мөнгө олох вэ?,vote,Medium,18+,2-10,vote
27-03,27,Хэн хамгийн...?,3,Эндээс хэн хамгийн их аялал хийх вэ?,vote,Hard,18+,2-10,vote
27-04,27,Хэн хамгийн...?,4,Эндээс хэн хамгийн их party хийх вэ?,vote,Very Hard,18+,2-10,vote
27-05,27,Хэн хамгийн...?,5,Эндээс хэн хамгийн сайн secret хадгалах вэ?,vote,Extreme,18+,2-10,vote
27-06,27,Хэн хамгийн...?,6,Эндээс хэн хамгийн их flirt хийх вэ?,vote,Easy,18+,2-10,vote
27-07,27,Хэн хамгийн...?,7,Эндээс хэн хамгийн романтик вэ?,vote,Medium,18+,2-10,vote
27-08,27,Хэн хамгийн...?,8,Эндээс хэн хамгийн jealous вэ?,vote,Hard,18+,2-10,vote
27-09,27,Хэн хамгийн...?,9,Эндээс хэн хамгийн түрүүнд шинэ машин авах вэ?,vote,Very Hard,18+,2-10,vote
27-10,27,Хэн хамгийн...?,10,Эндээс хэн хамгийн сайн business эхлүүлэх вэ?,vote,Extreme,18+,2-10,vote
27-11,27,Хэн хамгийн...?,11,Эндээс хэн хамгийн их selfie авах вэ?,vote,Easy,18+,2-10,vote
27-12,27,Хэн хамгийн...?,12,Эндээс хэн хамгийн сайн dancer вэ?,vote,Medium,18+,2-10,vote
27-13,27,Хэн хамгийн...?,13,Эндээс хэн хамгийн сайн singer вэ?,vote,Hard,18+,2-10,vote
27-14,27,Хэн хамгийн...?,14,Эндээс хэн хамгийн сайн actor вэ?,vote,Very Hard,18+,2-10,vote
27-15,27,Хэн хамгийн...?,15,Эндээс хэн хамгийн их risk авах вэ?,vote,Extreme,18+,2-10,vote
27-16,27,Хэн хамгийн...?,16,Эндээс хэн хамгийн тайван вэ?,vote,Easy,18+,2-10,vote
27-17,27,Хэн хамгийн...?,17,Эндээс хэн хамгийн spontaneous вэ?,vote,Medium,18+,2-10,vote
27-18,27,Хэн хамгийн...?,18,Эндээс хэн хамгийн хурдан найзлах вэ?,vote,Hard,18+,2-10,vote
27-19,27,Хэн хамгийн...?,19,Эндээс хэн хамгийн их мөнгө үрэх вэ?,vote,Very Hard,18+,2-10,vote
27-20,27,Хэн хамгийн...?,20,Эндээс хэн хамгийн сайн date зохион байгуулах вэ?,vote,Extreme,18+,2-10,vote
27-21,27,Хэн хамгийн...?,21,Эндээс хэн хамгийн их унтах вэ?,vote,Easy,18+,2-10,vote
27-22,27,Хэн хамгийн...?,22,Эндээс хэн хамгийн их phone шалгах вэ?,vote,Medium,18+,2-10,vote
27-23,27,Хэн хамгийн...?,23,Эндээс хэн хамгийн их meme явуулах вэ?,vote,Hard,18+,2-10,vote
27-24,27,Хэн хамгийн...?,24,Эндээс хэн хамгийн түрүүнд гадаадад нүүх вэ?,vote,Very Hard,18+,2-10,vote
27-25,27,Хэн хамгийн...?,25,Эндээс хэн хамгийн сайн leader вэ?,vote,Extreme,18+,2-10,vote
27-26,27,Хэн хамгийн...?,26,Эндээс хэн хамгийн их surprise хийх вэ?,vote,Easy,18+,2-10,vote
27-27,27,Хэн хамгийн...?,27,Эндээс хэн хамгийн их second chance өгөх вэ?,vote,Medium,18+,2-10,vote
27-28,27,Хэн хамгийн...?,28,Эндээс хэн хамгийн memorable вэ?,vote,Hard,18+,2-10,vote
27-29,27,Хэн хамгийн...?,29,Эндээс хэн хамгийн их adventure хийх вэ?,vote,Very Hard,18+,2-10,vote
27-30,27,Хэн хамгийн...?,30,Эндээс хэн хамгийн их хөгжилтэй вэ?,vote,Extreme,18+,2-10,vote
28-01,28,Шударга үнэн,1,Өөрийн хамгийн том мөрөөдлөө хэл.,question,Easy,18+,2-10,answer
28-02,28,Шударга үнэн,2,Өөрийн нэг green flag-аа хэл.,question,Medium,18+,2-10,answer
28-03,28,Шударга үнэн,3,Өөрийн нэг red flag-аа хэл.,question,Hard,18+,2-10,answer
28-04,28,Шударга үнэн,4,Сүүлд хэзээ үнэхээр баярласан бэ?,question,Very Hard,18+,2-10,answer
28-05,28,Шударга үнэн,5,Хэнээс message ирэхийг хүлээдэг вэ?,question,Extreme,18+,2-10,answer
28-06,28,Шударга үнэн,6,Perfect weekend-ээ тайлбарла.,question,Easy,18+,2-10,answer
28-07,28,Шударга үнэн,7,Dream destination-оо хэл.,question,Medium,18+,2-10,answer
28-08,28,Шударга үнэн,8,Хамгийн их хүндэлдэг чанараа хэл.,question,Hard,18+,2-10,answer
28-09,28,Шударга үнэн,9,Хамгийн муу зуршлаа хэл.,question,Very Hard,18+,2-10,answer
28-10,28,Шударга үнэн,10,Хамгийн сайн чанараа хэл.,question,Extreme,18+,2-10,answer
28-11,28,Шударга үнэн,11,5 жилийн дараах өөрийгөө төсөөл.,question,Easy,18+,2-10,answer
28-12,28,Шударга үнэн,12,Нэг хүнийг сонгоод compliment өг.,question,Medium,18+,2-10,answer
28-13,28,Шударга үнэн,13,Нэг хүний first impression-ийг хэл.,question,Hard,18+,2-10,answer
28-14,28,Шударга үнэн,14,Нэг дуу санал болго.,question,Very Hard,18+,2-10,answer
28-15,28,Шударга үнэн,15,Нэг кино санал болго.,question,Extreme,18+,2-10,answer
28-16,28,Шударга үнэн,16,Нэг хоол сонгоод тайлбарла.,question,Easy,18+,2-10,answer
28-17,28,Шударга үнэн,17,Нэг hobby туршиж үзмээр байгаагаа хэл.,question,Medium,18+,2-10,answer
28-18,28,Шударга үнэн,18,Мөнгө авбал хамгийн түрүүнд юу хийх вэ?,question,Hard,18+,2-10,answer
28-19,28,Шударга үнэн,19,Ямар хүнтэй амархан найзлах вэ?,question,Very Hard,18+,2-10,answer
28-20,28,Шударга үнэн,20,Ямар зан хамгийн их turn-off вэ?,question,Extreme,18+,2-10,answer
28-21,28,Шударга үнэн,21,Ямар зан хамгийн их татдаг вэ?,question,Easy,18+,2-10,answer
28-22,28,Шударга үнэн,22,Өнгөрсөнд очвол юу өөрчлөх вэ?,question,Medium,18+,2-10,answer
28-23,28,Шударга үнэн,23,Ирээдүйгээ харвал юу мэдмээр байна?,question,Hard,18+,2-10,answer
28-24,28,Шударга үнэн,24,Хэнтэй road trip хийх вэ?,question,Very Hard,18+,2-10,answer
28-25,28,Шударга үнэн,25,Хэнтэй удаан ярилцмаар байна?,question,Extreme,18+,2-10,answer
28-26,28,Шударга үнэн,26,Өөрийгөө 3 үгээр тодорхойл.,question,Easy,18+,2-10,answer
28-27,28,Шударга үнэн,27,Өнөөдрийн mood-оо 3 emoji-оор хэл.,question,Medium,18+,2-10,answer
28-28,28,Шударга үнэн,28,Эндээс хэнийг илүү танимаар байна?,question,Hard,18+,2-10,answer
28-29,28,Шударга үнэн,29,Нэг асуулт өөрөө зохио.,question,Very Hard,18+,2-10,answer
28-30,28,Шударга үнэн,30,Тухгүй байвал PASS хийж болно.,question,Extreme,18+,2-10,answer
29-01,29,Эвгүй асуулт,1,Өөрийн хамгийн том мөрөөдлөө хэл.,question,Easy,18+,2-10,answer
29-02,29,Эвгүй асуулт,2,Өөрийн нэг green flag-аа хэл.,question,Medium,18+,2-10,answer
29-03,29,Эвгүй асуулт,3,Өөрийн нэг red flag-аа хэл.,question,Hard,18+,2-10,answer
29-04,29,Эвгүй асуулт,4,Сүүлд хэзээ үнэхээр баярласан бэ?,question,Very Hard,18+,2-10,answer
29-05,29,Эвгүй асуулт,5,Хэнээс message ирэхийг хүлээдэг вэ?,question,Extreme,18+,2-10,answer
29-06,29,Эвгүй асуулт,6,Perfect weekend-ээ тайлбарла.,question,Easy,18+,2-10,answer
29-07,29,Эвгүй асуулт,7,Dream destination-оо хэл.,question,Medium,18+,2-10,answer
29-08,29,Эвгүй асуулт,8,Хамгийн их хүндэлдэг чанараа хэл.,question,Hard,18+,2-10,answer
29-09,29,Эвгүй асуулт,9,Хамгийн муу зуршлаа хэл.,question,Very Hard,18+,2-10,answer
29-10,29,Эвгүй асуулт,10,Хамгийн сайн чанараа хэл.,question,Extreme,18+,2-10,answer
29-11,29,Эвгүй асуулт,11,5 жилийн дараах өөрийгөө төсөөл.,question,Easy,18+,2-10,answer
29-12,29,Эвгүй асуулт,12,Нэг хүнийг сонгоод compliment өг.,question,Medium,18+,2-10,answer
29-13,29,Эвгүй асуулт,13,Нэг хүний first impression-ийг хэл.,question,Hard,18+,2-10,answer
29-14,29,Эвгүй асуулт,14,Нэг дуу санал болго.,question,Very Hard,18+,2-10,answer
29-15,29,Эвгүй асуулт,15,Нэг кино санал болго.,question,Extreme,18+,2-10,answer
29-16,29,Эвгүй асуулт,16,Нэг хоол сонгоод тайлбарла.,question,Easy,18+,2-10,answer
29-17,29,Эвгүй асуулт,17,Нэг hobby туршиж үзмээр байгаагаа хэл.,question,Medium,18+,2-10,answer
29-18,29,Эвгүй асуулт,18,Мөнгө авбал хамгийн түрүүнд юу хийх вэ?,question,Hard,18+,2-10,answer
29-19,29,Эвгүй асуулт,19,Ямар хүнтэй амархан найзлах вэ?,question,Very Hard,18+,2-10,answer
29-20,29,Эвгүй асуулт,20,Ямар зан хамгийн их turn-off вэ?,question,Extreme,18+,2-10,answer
29-21,29,Эвгүй асуулт,21,Ямар зан хамгийн их татдаг вэ?,question,Easy,18+,2-10,answer
29-22,29,Эвгүй асуулт,22,Өнгөрсөнд очвол юу өөрчлөх вэ?,question,Medium,18+,2-10,answer
29-23,29,Эвгүй асуулт,23,Ирээдүйгээ харвал юу мэдмээр байна?,question,Hard,18+,2-10,answer
29-24,29,Эвгүй асуулт,24,Хэнтэй road trip хийх вэ?,question,Very Hard,18+,2-10,answer
29-25,29,Эвгүй асуулт,25,Хэнтэй удаан ярилцмаар байна?,question,Extreme,18+,2-10,answer
29-26,29,Эвгүй асуулт,26,Өөрийгөө 3 үгээр тодорхойл.,question,Easy,18+,2-10,answer
29-27,29,Эвгүй асуулт,27,Өнөөдрийн mood-оо 3 emoji-оор хэл.,question,Medium,18+,2-10,answer
29-28,29,Эвгүй асуулт,28,Эндээс хэнийг илүү танимаар байна?,question,Hard,18+,2-10,answer
29-29,29,Эвгүй асуулт,29,Нэг асуулт өөрөө зохио.,question,Very Hard,18+,2-10,answer
29-30,29,Эвгүй асуулт,30,Тухгүй байвал PASS хийж болно.,question,Extreme,18+,2-10,answer
30-01,30,18+ Hot Seat,1,Өөрийн хамгийн том мөрөөдлөө хэл.,question,Easy,18+,2-10,answer
30-02,30,18+ Hot Seat,2,Өөрийн нэг green flag-аа хэл.,question,Medium,18+,2-10,answer
30-03,30,18+ Hot Seat,3,Өөрийн нэг red flag-аа хэл.,question,Hard,18+,2-10,answer
30-04,30,18+ Hot Seat,4,Сүүлд хэзээ үнэхээр баярласан бэ?,question,Very Hard,18+,2-10,answer
30-05,30,18+ Hot Seat,5,Хэнээс message ирэхийг хүлээдэг вэ?,question,Extreme,18+,2-10,answer
30-06,30,18+ Hot Seat,6,Perfect weekend-ээ тайлбарла.,question,Easy,18+,2-10,answer
30-07,30,18+ Hot Seat,7,Dream destination-оо хэл.,question,Medium,18+,2-10,answer
30-08,30,18+ Hot Seat,8,Хамгийн их хүндэлдэг чанараа хэл.,question,Hard,18+,2-10,answer
30-09,30,18+ Hot Seat,9,Хамгийн муу зуршлаа хэл.,question,Very Hard,18+,2-10,answer
30-10,30,18+ Hot Seat,10,Хамгийн сайн чанараа хэл.,question,Extreme,18+,2-10,answer
30-11,30,18+ Hot Seat,11,5 жилийн дараах өөрийгөө төсөөл.,question,Easy,18+,2-10,answer
30-12,30,18+ Hot Seat,12,Нэг хүнийг сонгоод compliment өг.,question,Medium,18+,2-10,answer
30-13,30,18+ Hot Seat,13,Нэг хүний first impression-ийг хэл.,question,Hard,18+,2-10,answer
30-14,30,18+ Hot Seat,14,Нэг дуу санал болго.,question,Very Hard,18+,2-10,answer
30-15,30,18+ Hot Seat,15,Нэг кино санал болго.,question,Extreme,18+,2-10,answer
30-16,30,18+ Hot Seat,16,Нэг хоол сонгоод тайлбарла.,question,Easy,18+,2-10,answer
30-17,30,18+ Hot Seat,17,Нэг hobby туршиж үзмээр байгаагаа хэл.,question,Medium,18+,2-10,answer
30-18,30,18+ Hot Seat,18,Мөнгө авбал хамгийн түрүүнд юу хийх вэ?,question,Hard,18+,2-10,answer
30-19,30,18+ Hot Seat,19,Ямар хүнтэй амархан найзлах вэ?,question,Very Hard,18+,2-10,answer
30-20,30,18+ Hot Seat,20,Ямар зан хамгийн их turn-off вэ?,question,Extreme,18+,2-10,answer
30-21,30,18+ Hot Seat,21,Ямар зан хамгийн их татдаг вэ?,question,Easy,18+,2-10,answer
30-22,30,18+ Hot Seat,22,Өнгөрсөнд очвол юу өөрчлөх вэ?,question,Medium,18+,2-10,answer
30-23,30,18+ Hot Seat,23,Ирээдүйгээ харвал юу мэдмээр байна?,question,Hard,18+,2-10,answer
30-24,30,18+ Hot Seat,24,Хэнтэй road trip хийх вэ?,question,Very Hard,18+,2-10,answer
30-25,30,18+ Hot Seat,25,Хэнтэй удаан ярилцмаар байна?,question,Extreme,18+,2-10,answer
30-26,30,18+ Hot Seat,26,Өөрийгөө 3 үгээр тодорхойл.,question,Easy,18+,2-10,answer
30-27,30,18+ Hot Seat,27,Өнөөдрийн mood-оо 3 emoji-оор хэл.,question,Medium,18+,2-10,answer
30-28,30,18+ Hot Seat,28,Эндээс хэнийг илүү танимаар байна?,question,Hard,18+,2-10,answer
30-29,30,18+ Hot Seat,29,Нэг асуулт өөрөө зохио.,question,Very Hard,18+,2-10,answer
30-30,30,18+ Hot Seat,30,Тухгүй байвал PASS хийж болно.,question,Extreme,18+,2-10,answer
31-01,31,Compatibility,1,Өөрийн хамгийн том мөрөөдлөө хэл.,choice,Easy,18+,2-10,choose
31-02,31,Compatibility,2,Өөрийн нэг green flag-аа хэл.,choice,Medium,18+,2-10,choose
31-03,31,Compatibility,3,Өөрийн нэг red flag-аа хэл.,choice,Hard,18+,2-10,choose
31-04,31,Compatibility,4,Сүүлд хэзээ үнэхээр баярласан бэ?,choice,Very Hard,18+,2-10,choose
31-05,31,Compatibility,5,Хэнээс message ирэхийг хүлээдэг вэ?,choice,Extreme,18+,2-10,choose
31-06,31,Compatibility,6,Perfect weekend-ээ тайлбарла.,choice,Easy,18+,2-10,choose
31-07,31,Compatibility,7,Dream destination-оо хэл.,choice,Medium,18+,2-10,choose
31-08,31,Compatibility,8,Хамгийн их хүндэлдэг чанараа хэл.,choice,Hard,18+,2-10,choose
31-09,31,Compatibility,9,Хамгийн муу зуршлаа хэл.,choice,Very Hard,18+,2-10,choose
31-10,31,Compatibility,10,Хамгийн сайн чанараа хэл.,choice,Extreme,18+,2-10,choose
31-11,31,Compatibility,11,5 жилийн дараах өөрийгөө төсөөл.,choice,Easy,18+,2-10,choose
31-12,31,Compatibility,12,Нэг хүнийг сонгоод compliment өг.,choice,Medium,18+,2-10,choose
31-13,31,Compatibility,13,Нэг хүний first impression-ийг хэл.,choice,Hard,18+,2-10,choose
31-14,31,Compatibility,14,Нэг дуу санал болго.,choice,Very Hard,18+,2-10,choose
31-15,31,Compatibility,15,Нэг кино санал болго.,choice,Extreme,18+,2-10,choose
31-16,31,Compatibility,16,Нэг хоол сонгоод тайлбарла.,choice,Easy,18+,2-10,choose
31-17,31,Compatibility,17,Нэг hobby туршиж үзмээр байгаагаа хэл.,choice,Medium,18+,2-10,choose
31-18,31,Compatibility,18,Мөнгө авбал хамгийн түрүүнд юу хийх вэ?,choice,Hard,18+,2-10,choose
31-19,31,Compatibility,19,Ямар хүнтэй амархан найзлах вэ?,choice,Very Hard,18+,2-10,choose
31-20,31,Compatibility,20,Ямар зан хамгийн их turn-off вэ?,choice,Extreme,18+,2-10,choose
31-21,31,Compatibility,21,Ямар зан хамгийн их татдаг вэ?,choice,Easy,18+,2-10,choose
31-22,31,Compatibility,22,Өнгөрсөнд очвол юу өөрчлөх вэ?,choice,Medium,18+,2-10,choose
31-23,31,Compatibility,23,Ирээдүйгээ харвал юу мэдмээр байна?,choice,Hard,18+,2-10,choose
31-24,31,Compatibility,24,Хэнтэй road trip хийх вэ?,choice,Very Hard,18+,2-10,choose
31-25,31,Compatibility,25,Хэнтэй удаан ярилцмаар байна?,choice,Extreme,18+,2-10,choose
31-26,31,Compatibility,26,Өөрийгөө 3 үгээр тодорхойл.,choice,Easy,18+,2-10,choose
31-27,31,Compatibility,27,Өнөөдрийн mood-оо 3 emoji-оор хэл.,choice,Medium,18+,2-10,choose
31-28,31,Compatibility,28,Эндээс хэнийг илүү танимаар байна?,choice,Hard,18+,2-10,choose
31-29,31,Compatibility,29,Нэг асуулт өөрөө зохио.,choice,Very Hard,18+,2-10,choose
31-30,31,Compatibility,30,Тухгүй байвал PASS хийж болно.,choice,Extreme,18+,2-10,choose
32-01,32,Date Challenge,1,Өөрийн хамгийн том мөрөөдлөө хэл.,challenge,Easy,18+,2-10,do
32-02,32,Date Challenge,2,Өөрийн нэг green flag-аа хэл.,challenge,Medium,18+,2-10,do
32-03,32,Date Challenge,3,Өөрийн нэг red flag-аа хэл.,challenge,Hard,18+,2-10,do
32-04,32,Date Challenge,4,Сүүлд хэзээ үнэхээр баярласан бэ?,challenge,Very Hard,18+,2-10,do
32-05,32,Date Challenge,5,Хэнээс message ирэхийг хүлээдэг вэ?,challenge,Extreme,18+,2-10,do
32-06,32,Date Challenge,6,Perfect weekend-ээ тайлбарла.,challenge,Easy,18+,2-10,do
32-07,32,Date Challenge,7,Dream destination-оо хэл.,challenge,Medium,18+,2-10,do
32-08,32,Date Challenge,8,Хамгийн их хүндэлдэг чанараа хэл.,challenge,Hard,18+,2-10,do
32-09,32,Date Challenge,9,Хамгийн муу зуршлаа хэл.,challenge,Very Hard,18+,2-10,do
32-10,32,Date Challenge,10,Хамгийн сайн чанараа хэл.,challenge,Extreme,18+,2-10,do
32-11,32,Date Challenge,11,5 жилийн дараах өөрийгөө төсөөл.,challenge,Easy,18+,2-10,do
32-12,32,Date Challenge,12,Нэг хүнийг сонгоод compliment өг.,challenge,Medium,18+,2-10,do
32-13,32,Date Challenge,13,Нэг хүний first impression-ийг хэл.,challenge,Hard,18+,2-10,do
32-14,32,Date Challenge,14,Нэг дуу санал болго.,challenge,Very Hard,18+,2-10,do
32-15,32,Date Challenge,15,Нэг кино санал болго.,challenge,Extreme,18+,2-10,do
32-16,32,Date Challenge,16,Нэг хоол сонгоод тайлбарла.,challenge,Easy,18+,2-10,do
32-17,32,Date Challenge,17,Нэг hobby туршиж үзмээр байгаагаа хэл.,challenge,Medium,18+,2-10,do
32-18,32,Date Challenge,18,Мөнгө авбал хамгийн түрүүнд юу хийх вэ?,challenge,Hard,18+,2-10,do
32-19,32,Date Challenge,19,Ямар хүнтэй амархан найзлах вэ?,challenge,Very Hard,18+,2-10,do
32-20,32,Date Challenge,20,Ямар зан хамгийн их turn-off вэ?,challenge,Extreme,18+,2-10,do
32-21,32,Date Challenge,21,Ямар зан хамгийн их татдаг вэ?,challenge,Easy,18+,2-10,do
32-22,32,Date Challenge,22,Өнгөрсөнд очвол юу өөрчлөх вэ?,challenge,Medium,18+,2-10,do
32-23,32,Date Challenge,23,Ирээдүйгээ харвал юу мэдмээр байна?,challenge,Hard,18+,2-10,do
32-24,32,Date Challenge,24,Хэнтэй road trip хийх вэ?,challenge,Very Hard,18+,2-10,do
32-25,32,Date Challenge,25,Хэнтэй удаан ярилцмаар байна?,challenge,Extreme,18+,2-10,do
32-26,32,Date Challenge,26,Өөрийгөө 3 үгээр тодорхойл.,challenge,Easy,18+,2-10,do
32-27,32,Date Challenge,27,Өнөөдрийн mood-оо 3 emoji-оор хэл.,challenge,Medium,18+,2-10,do
32-28,32,Date Challenge,28,Эндээс хэнийг илүү танимаар байна?,challenge,Hard,18+,2-10,do
32-29,32,Date Challenge,29,Нэг асуулт өөрөө зохио.,challenge,Very Hard,18+,2-10,do
32-30,32,Date Challenge,30,Тухгүй байвал PASS хийж болно.,challenge,Extreme,18+,2-10,do
33-01,33,Pick One,1,Өөрийн хамгийн том мөрөөдлөө хэл.,choice,Easy,18+,2-10,choose
33-02,33,Pick One,2,Өөрийн нэг green flag-аа хэл.,choice,Medium,18+,2-10,choose
33-03,33,Pick One,3,Өөрийн нэг red flag-аа хэл.,choice,Hard,18+,2-10,choose
33-04,33,Pick One,4,Сүүлд хэзээ үнэхээр баярласан бэ?,choice,Very Hard,18+,2-10,choose
33-05,33,Pick One,5,Хэнээс message ирэхийг хүлээдэг вэ?,choice,Extreme,18+,2-10,choose
33-06,33,Pick One,6,Perfect weekend-ээ тайлбарла.,choice,Easy,18+,2-10,choose
33-07,33,Pick One,7,Dream destination-оо хэл.,choice,Medium,18+,2-10,choose
33-08,33,Pick One,8,Хамгийн их хүндэлдэг чанараа хэл.,choice,Hard,18+,2-10,choose
33-09,33,Pick One,9,Хамгийн муу зуршлаа хэл.,choice,Very Hard,18+,2-10,choose
33-10,33,Pick One,10,Хамгийн сайн чанараа хэл.,choice,Extreme,18+,2-10,choose
33-11,33,Pick One,11,5 жилийн дараах өөрийгөө төсөөл.,choice,Easy,18+,2-10,choose
33-12,33,Pick One,12,Нэг хүнийг сонгоод compliment өг.,choice,Medium,18+,2-10,choose
33-13,33,Pick One,13,Нэг хүний first impression-ийг хэл.,choice,Hard,18+,2-10,choose
33-14,33,Pick One,14,Нэг дуу санал болго.,choice,Very Hard,18+,2-10,choose
33-15,33,Pick One,15,Нэг кино санал болго.,choice,Extreme,18+,2-10,choose
33-16,33,Pick One,16,Нэг хоол сонгоод тайлбарла.,choice,Easy,18+,2-10,choose
33-17,33,Pick One,17,Нэг hobby туршиж үзмээр байгаагаа хэл.,choice,Medium,18+,2-10,choose
33-18,33,Pick One,18,Мөнгө авбал хамгийн түрүүнд юу хийх вэ?,choice,Hard,18+,2-10,choose
33-19,33,Pick One,19,Ямар хүнтэй амархан найзлах вэ?,choice,Very Hard,18+,2-10,choose
33-20,33,Pick One,20,Ямар зан хамгийн их turn-off вэ?,choice,Extreme,18+,2-10,choose
33-21,33,Pick One,21,Ямар зан хамгийн их татдаг вэ?,choice,Easy,18+,2-10,choose
33-22,33,Pick One,22,Өнгөрсөнд очвол юу өөрчлөх вэ?,choice,Medium,18+,2-10,choose
33-23,33,Pick One,23,Ирээдүйгээ харвал юу мэдмээр байна?,choice,Hard,18+,2-10,choose
33-24,33,Pick One,24,Хэнтэй road trip хийх вэ?,choice,Very Hard,18+,2-10,choose
33-25,33,Pick One,25,Хэнтэй удаан ярилцмаар байна?,choice,Extreme,18+,2-10,choose
33-26,33,Pick One,26,Өөрийгөө 3 үгээр тодорхойл.,choice,Easy,18+,2-10,choose
33-27,33,Pick One,27,Өнөөдрийн mood-оо 3 emoji-оор хэл.,choice,Medium,18+,2-10,choose
33-28,33,Pick One,28,Эндээс хэнийг илүү танимаар байна?,choice,Hard,18+,2-10,choose
33-29,33,Pick One,29,Нэг асуулт өөрөө зохио.,choice,Very Hard,18+,2-10,choose
33-30,33,Pick One,30,Тухгүй байвал PASS хийж болно.,choice,Extreme,18+,2-10,choose
34-01,34,Flirt Battle,1,Өөрийн хамгийн том мөрөөдлөө хэл.,challenge,Easy,18+,2-10,do
34-02,34,Flirt Battle,2,Өөрийн нэг green flag-аа хэл.,challenge,Medium,18+,2-10,do
34-03,34,Flirt Battle,3,Өөрийн нэг red flag-аа хэл.,challenge,Hard,18+,2-10,do
34-04,34,Flirt Battle,4,Сүүлд хэзээ үнэхээр баярласан бэ?,challenge,Very Hard,18+,2-10,do
34-05,34,Flirt Battle,5,Хэнээс message ирэхийг хүлээдэг вэ?,challenge,Extreme,18+,2-10,do
34-06,34,Flirt Battle,6,Perfect weekend-ээ тайлбарла.,challenge,Easy,18+,2-10,do
34-07,34,Flirt Battle,7,Dream destination-оо хэл.,challenge,Medium,18+,2-10,do
34-08,34,Flirt Battle,8,Хамгийн их хүндэлдэг чанараа хэл.,challenge,Hard,18+,2-10,do
34-09,34,Flirt Battle,9,Хамгийн муу зуршлаа хэл.,challenge,Very Hard,18+,2-10,do
34-10,34,Flirt Battle,10,Хамгийн сайн чанараа хэл.,challenge,Extreme,18+,2-10,do
34-11,34,Flirt Battle,11,5 жилийн дараах өөрийгөө төсөөл.,challenge,Easy,18+,2-10,do
34-12,34,Flirt Battle,12,Нэг хүнийг сонгоод compliment өг.,challenge,Medium,18+,2-10,do
34-13,34,Flirt Battle,13,Нэг хүний first impression-ийг хэл.,challenge,Hard,18+,2-10,do
34-14,34,Flirt Battle,14,Нэг дуу санал болго.,challenge,Very Hard,18+,2-10,do
34-15,34,Flirt Battle,15,Нэг кино санал болго.,challenge,Extreme,18+,2-10,do
34-16,34,Flirt Battle,16,Нэг хоол сонгоод тайлбарла.,challenge,Easy,18+,2-10,do
34-17,34,Flirt Battle,17,Нэг hobby туршиж үзмээр байгаагаа хэл.,challenge,Medium,18+,2-10,do
34-18,34,Flirt Battle,18,Мөнгө авбал хамгийн түрүүнд юу хийх вэ?,challenge,Hard,18+,2-10,do
34-19,34,Flirt Battle,19,Ямар хүнтэй амархан найзлах вэ?,challenge,Very Hard,18+,2-10,do
34-20,34,Flirt Battle,20,Ямар зан хамгийн их turn-off вэ?,challenge,Extreme,18+,2-10,do
34-21,34,Flirt Battle,21,Ямар зан хамгийн их татдаг вэ?,challenge,Easy,18+,2-10,do
34-22,34,Flirt Battle,22,Өнгөрсөнд очвол юу өөрчлөх вэ?,challenge,Medium,18+,2-10,do
34-23,34,Flirt Battle,23,Ирээдүйгээ харвал юу мэдмээр байна?,challenge,Hard,18+,2-10,do
34-24,34,Flirt Battle,24,Хэнтэй road trip хийх вэ?,challenge,Very Hard,18+,2-10,do
34-25,34,Flirt Battle,25,Хэнтэй удаан ярилцмаар байна?,challenge,Extreme,18+,2-10,do
34-26,34,Flirt Battle,26,Өөрийгөө 3 үгээр тодорхойл.,challenge,Easy,18+,2-10,do
34-27,34,Flirt Battle,27,Өнөөдрийн mood-оо 3 emoji-оор хэл.,challenge,Medium,18+,2-10,do
34-28,34,Flirt Battle,28,Эндээс хэнийг илүү танимаар байна?,challenge,Hard,18+,2-10,do
34-29,34,Flirt Battle,29,Нэг асуулт өөрөө зохио.,challenge,Very Hard,18+,2-10,do
34-30,34,Flirt Battle,30,Тухгүй байвал PASS хийж болно.,challenge,Extreme,18+,2-10,do
35-01,35,Compliment Battle,1,Өөрийн хамгийн том мөрөөдлөө хэл.,challenge,Easy,18+,2-10,do
35-02,35,Compliment Battle,2,Өөрийн нэг green flag-аа хэл.,challenge,Medium,18+,2-10,do
35-03,35,Compliment Battle,3,Өөрийн нэг red flag-аа хэл.,challenge,Hard,18+,2-10,do
35-04,35,Compliment Battle,4,Сүүлд хэзээ үнэхээр баярласан бэ?,challenge,Very Hard,18+,2-10,do
35-05,35,Compliment Battle,5,Хэнээс message ирэхийг хүлээдэг вэ?,challenge,Extreme,18+,2-10,do
35-06,35,Compliment Battle,6,Perfect weekend-ээ тайлбарла.,challenge,Easy,18+,2-10,do
35-07,35,Compliment Battle,7,Dream destination-оо хэл.,challenge,Medium,18+,2-10,do
35-08,35,Compliment Battle,8,Хамгийн их хүндэлдэг чанараа хэл.,challenge,Hard,18+,2-10,do
35-09,35,Compliment Battle,9,Хамгийн муу зуршлаа хэл.,challenge,Very Hard,18+,2-10,do
35-10,35,Compliment Battle,10,Хамгийн сайн чанараа хэл.,challenge,Extreme,18+,2-10,do
35-11,35,Compliment Battle,11,5 жилийн дараах өөрийгөө төсөөл.,challenge,Easy,18+,2-10,do
35-12,35,Compliment Battle,12,Нэг хүнийг сонгоод compliment өг.,challenge,Medium,18+,2-10,do
35-13,35,Compliment Battle,13,Нэг хүний first impression-ийг хэл.,challenge,Hard,18+,2-10,do
35-14,35,Compliment Battle,14,Нэг дуу санал болго.,challenge,Very Hard,18+,2-10,do
35-15,35,Compliment Battle,15,Нэг кино санал болго.,challenge,Extreme,18+,2-10,do
35-16,35,Compliment Battle,16,Нэг хоол сонгоод тайлбарла.,challenge,Easy,18+,2-10,do
35-17,35,Compliment Battle,17,Нэг hobby туршиж үзмээр байгаагаа хэл.,challenge,Medium,18+,2-10,do
35-18,35,Compliment Battle,18,Мөнгө авбал хамгийн түрүүнд юу хийх вэ?,challenge,Hard,18+,2-10,do
35-19,35,Compliment Battle,19,Ямар хүнтэй амархан найзлах вэ?,challenge,Very Hard,18+,2-10,do
35-20,35,Compliment Battle,20,Ямар зан хамгийн их turn-off вэ?,challenge,Extreme,18+,2-10,do
35-21,35,Compliment Battle,21,Ямар зан хамгийн их татдаг вэ?,challenge,Easy,18+,2-10,do
35-22,35,Compliment Battle,22,Өнгөрсөнд очвол юу өөрчлөх вэ?,challenge,Medium,18+,2-10,do
35-23,35,Compliment Battle,23,Ирээдүйгээ харвал юу мэдмээр байна?,challenge,Hard,18+,2-10,do
35-24,35,Compliment Battle,24,Хэнтэй road trip хийх вэ?,challenge,Very Hard,18+,2-10,do
35-25,35,Compliment Battle,25,Хэнтэй удаан ярилцмаар байна?,challenge,Extreme,18+,2-10,do
35-26,35,Compliment Battle,26,Өөрийгөө 3 үгээр тодорхойл.,challenge,Easy,18+,2-10,do
35-27,35,Compliment Battle,27,Өнөөдрийн mood-оо 3 emoji-оор хэл.,challenge,Medium,18+,2-10,do
35-28,35,Compliment Battle,28,Эндээс хэнийг илүү танимаар байна?,challenge,Hard,18+,2-10,do
35-29,35,Compliment Battle,29,Нэг асуулт өөрөө зохио.,challenge,Very Hard,18+,2-10,do
35-30,35,Compliment Battle,30,Тухгүй байвал PASS хийж болно.,challenge,Extreme,18+,2-10,do
36-01,36,Хэн түрүүлж дурлах вэ?,1,Өөрийн хамгийн том мөрөөдлөө хэл.,vote,Easy,18+,2-10,vote
36-02,36,Хэн түрүүлж дурлах вэ?,2,Өөрийн нэг green flag-аа хэл.,vote,Medium,18+,2-10,vote
36-03,36,Хэн түрүүлж дурлах вэ?,3,Өөрийн нэг red flag-аа хэл.,vote,Hard,18+,2-10,vote
36-04,36,Хэн түрүүлж дурлах вэ?,4,Сүүлд хэзээ үнэхээр баярласан бэ?,vote,Very Hard,18+,2-10,vote
36-05,36,Хэн түрүүлж дурлах вэ?,5,Хэнээс message ирэхийг хүлээдэг вэ?,vote,Extreme,18+,2-10,vote
36-06,36,Хэн түрүүлж дурлах вэ?,6,Perfect weekend-ээ тайлбарла.,vote,Easy,18+,2-10,vote
36-07,36,Хэн түрүүлж дурлах вэ?,7,Dream destination-оо хэл.,vote,Medium,18+,2-10,vote
36-08,36,Хэн түрүүлж дурлах вэ?,8,Хамгийн их хүндэлдэг чанараа хэл.,vote,Hard,18+,2-10,vote
36-09,36,Хэн түрүүлж дурлах вэ?,9,Хамгийн муу зуршлаа хэл.,vote,Very Hard,18+,2-10,vote
36-10,36,Хэн түрүүлж дурлах вэ?,10,Хамгийн сайн чанараа хэл.,vote,Extreme,18+,2-10,vote
36-11,36,Хэн түрүүлж дурлах вэ?,11,5 жилийн дараах өөрийгөө төсөөл.,vote,Easy,18+,2-10,vote
36-12,36,Хэн түрүүлж дурлах вэ?,12,Нэг хүнийг сонгоод compliment өг.,vote,Medium,18+,2-10,vote
36-13,36,Хэн түрүүлж дурлах вэ?,13,Нэг хүний first impression-ийг хэл.,vote,Hard,18+,2-10,vote
36-14,36,Хэн түрүүлж дурлах вэ?,14,Нэг дуу санал болго.,vote,Very Hard,18+,2-10,vote
36-15,36,Хэн түрүүлж дурлах вэ?,15,Нэг кино санал болго.,vote,Extreme,18+,2-10,vote
36-16,36,Хэн түрүүлж дурлах вэ?,16,Нэг хоол сонгоод тайлбарла.,vote,Easy,18+,2-10,vote
36-17,36,Хэн түрүүлж дурлах вэ?,17,Нэг hobby туршиж үзмээр байгаагаа хэл.,vote,Medium,18+,2-10,vote
36-18,36,Хэн түрүүлж дурлах вэ?,18,Мөнгө авбал хамгийн түрүүнд юу хийх вэ?,vote,Hard,18+,2-10,vote
36-19,36,Хэн түрүүлж дурлах вэ?,19,Ямар хүнтэй амархан найзлах вэ?,vote,Very Hard,18+,2-10,vote
36-20,36,Хэн түрүүлж дурлах вэ?,20,Ямар зан хамгийн их turn-off вэ?,vote,Extreme,18+,2-10,vote
36-21,36,Хэн түрүүлж дурлах вэ?,21,Ямар зан хамгийн их татдаг вэ?,vote,Easy,18+,2-10,vote
36-22,36,Хэн түрүүлж дурлах вэ?,22,Өнгөрсөнд очвол юу өөрчлөх вэ?,vote,Medium,18+,2-10,vote
36-23,36,Хэн түрүүлж дурлах вэ?,23,Ирээдүйгээ харвал юу мэдмээр байна?,vote,Hard,18+,2-10,vote
36-24,36,Хэн түрүүлж дурлах вэ?,24,Хэнтэй road trip хийх вэ?,vote,Very Hard,18+,2-10,vote
36-25,36,Хэн түрүүлж дурлах вэ?,25,Хэнтэй удаан ярилцмаар байна?,vote,Extreme,18+,2-10,vote
36-26,36,Хэн түрүүлж дурлах вэ?,26,Өөрийгөө 3 үгээр тодорхойл.,vote,Easy,18+,2-10,vote
36-27,36,Хэн түрүүлж дурлах вэ?,27,Өнөөдрийн mood-оо 3 emoji-оор хэл.,vote,Medium,18+,2-10,vote
36-28,36,Хэн түрүүлж дурлах вэ?,28,Эндээс хэнийг илүү танимаар байна?,vote,Hard,18+,2-10,vote
36-29,36,Хэн түрүүлж дурлах вэ?,29,Нэг асуулт өөрөө зохио.,vote,Very Hard,18+,2-10,vote
36-30,36,Хэн түрүүлж дурлах вэ?,30,Тухгүй байвал PASS хийж болно.,vote,Extreme,18+,2-10,vote
37-01,37,Миний ideal type,1,Өөрийн хамгийн том мөрөөдлөө хэл.,question,Easy,18+,2-10,answer
37-02,37,Миний ideal type,2,Өөрийн нэг green flag-аа хэл.,question,Medium,18+,2-10,answer
37-03,37,Миний ideal type,3,Өөрийн нэг red flag-аа хэл.,question,Hard,18+,2-10,answer
37-04,37,Миний ideal type,4,Сүүлд хэзээ үнэхээр баярласан бэ?,question,Very Hard,18+,2-10,answer
37-05,37,Миний ideal type,5,Хэнээс message ирэхийг хүлээдэг вэ?,question,Extreme,18+,2-10,answer
37-06,37,Миний ideal type,6,Perfect weekend-ээ тайлбарла.,question,Easy,18+,2-10,answer
37-07,37,Миний ideal type,7,Dream destination-оо хэл.,question,Medium,18+,2-10,answer
37-08,37,Миний ideal type,8,Хамгийн их хүндэлдэг чанараа хэл.,question,Hard,18+,2-10,answer
37-09,37,Миний ideal type,9,Хамгийн муу зуршлаа хэл.,question,Very Hard,18+,2-10,answer
37-10,37,Миний ideal type,10,Хамгийн сайн чанараа хэл.,question,Extreme,18+,2-10,answer
37-11,37,Миний ideal type,11,5 жилийн дараах өөрийгөө төсөөл.,question,Easy,18+,2-10,answer
37-12,37,Миний ideal type,12,Нэг хүнийг сонгоод compliment өг.,question,Medium,18+,2-10,answer
37-13,37,Миний ideal type,13,Нэг хүний first impression-ийг хэл.,question,Hard,18+,2-10,answer
37-14,37,Миний ideal type,14,Нэг дуу санал болго.,question,Very Hard,18+,2-10,answer
37-15,37,Миний ideal type,15,Нэг кино санал болго.,question,Extreme,18+,2-10,answer
37-16,37,Миний ideal type,16,Нэг хоол сонгоод тайлбарла.,question,Easy,18+,2-10,answer
37-17,37,Миний ideal type,17,Нэг hobby туршиж үзмээр байгаагаа хэл.,question,Medium,18+,2-10,answer
37-18,37,Миний ideal type,18,Мөнгө авбал хамгийн түрүүнд юу хийх вэ?,question,Hard,18+,2-10,answer
37-19,37,Миний ideal type,19,Ямар хүнтэй амархан найзлах вэ?,question,Very Hard,18+,2-10,answer
37-20,37,Миний ideal type,20,Ямар зан хамгийн их turn-off вэ?,question,Extreme,18+,2-10,answer
37-21,37,Миний ideal type,21,Ямар зан хамгийн их татдаг вэ?,question,Easy,18+,2-10,answer
37-22,37,Миний ideal type,22,Өнгөрсөнд очвол юу өөрчлөх вэ?,question,Medium,18+,2-10,answer
37-23,37,Миний ideal type,23,Ирээдүйгээ харвал юу мэдмээр байна?,question,Hard,18+,2-10,answer
37-24,37,Миний ideal type,24,Хэнтэй road trip хийх вэ?,question,Very Hard,18+,2-10,answer
37-25,37,Миний ideal type,25,Хэнтэй удаан ярилцмаар байна?,question,Extreme,18+,2-10,answer
37-26,37,Миний ideal type,26,Өөрийгөө 3 үгээр тодорхойл.,question,Easy,18+,2-10,answer
37-27,37,Миний ideal type,27,Өнөөдрийн mood-оо 3 emoji-оор хэл.,question,Medium,18+,2-10,answer
37-28,37,Миний ideal type,28,Эндээс хэнийг илүү танимаар байна?,question,Hard,18+,2-10,answer
37-29,37,Миний ideal type,29,Нэг асуулт өөрөө зохио.,question,Very Hard,18+,2-10,answer
37-30,37,Миний ideal type,30,Тухгүй байвал PASS хийж болно.,question,Extreme,18+,2-10,answer
38-01,38,Blind Choice,1,Өөрийн хамгийн том мөрөөдлөө хэл.,choice,Easy,18+,2-10,choose
38-02,38,Blind Choice,2,Өөрийн нэг green flag-аа хэл.,choice,Medium,18+,2-10,choose
38-03,38,Blind Choice,3,Өөрийн нэг red flag-аа хэл.,choice,Hard,18+,2-10,choose
38-04,38,Blind Choice,4,Сүүлд хэзээ үнэхээр баярласан бэ?,choice,Very Hard,18+,2-10,choose
38-05,38,Blind Choice,5,Хэнээс message ирэхийг хүлээдэг вэ?,choice,Extreme,18+,2-10,choose
38-06,38,Blind Choice,6,Perfect weekend-ээ тайлбарла.,choice,Easy,18+,2-10,choose
38-07,38,Blind Choice,7,Dream destination-оо хэл.,choice,Medium,18+,2-10,choose
38-08,38,Blind Choice,8,Хамгийн их хүндэлдэг чанараа хэл.,choice,Hard,18+,2-10,choose
38-09,38,Blind Choice,9,Хамгийн муу зуршлаа хэл.,choice,Very Hard,18+,2-10,choose
38-10,38,Blind Choice,10,Хамгийн сайн чанараа хэл.,choice,Extreme,18+,2-10,choose
38-11,38,Blind Choice,11,5 жилийн дараах өөрийгөө төсөөл.,choice,Easy,18+,2-10,choose
38-12,38,Blind Choice,12,Нэг хүнийг сонгоод compliment өг.,choice,Medium,18+,2-10,choose
38-13,38,Blind Choice,13,Нэг хүний first impression-ийг хэл.,choice,Hard,18+,2-10,choose
38-14,38,Blind Choice,14,Нэг дуу санал болго.,choice,Very Hard,18+,2-10,choose
38-15,38,Blind Choice,15,Нэг кино санал болго.,choice,Extreme,18+,2-10,choose
38-16,38,Blind Choice,16,Нэг хоол сонгоод тайлбарла.,choice,Easy,18+,2-10,choose
38-17,38,Blind Choice,17,Нэг hobby туршиж үзмээр байгаагаа хэл.,choice,Medium,18+,2-10,choose
38-18,38,Blind Choice,18,Мөнгө авбал хамгийн түрүүнд юу хийх вэ?,choice,Hard,18+,2-10,choose
38-19,38,Blind Choice,19,Ямар хүнтэй амархан найзлах вэ?,choice,Very Hard,18+,2-10,choose
38-20,38,Blind Choice,20,Ямар зан хамгийн их turn-off вэ?,choice,Extreme,18+,2-10,choose
38-21,38,Blind Choice,21,Ямар зан хамгийн их татдаг вэ?,choice,Easy,18+,2-10,choose
38-22,38,Blind Choice,22,Өнгөрсөнд очвол юу өөрчлөх вэ?,choice,Medium,18+,2-10,choose
38-23,38,Blind Choice,23,Ирээдүйгээ харвал юу мэдмээр байна?,choice,Hard,18+,2-10,choose
38-24,38,Blind Choice,24,Хэнтэй road trip хийх вэ?,choice,Very Hard,18+,2-10,choose
38-25,38,Blind Choice,25,Хэнтэй удаан ярилцмаар байна?,choice,Extreme,18+,2-10,choose
38-26,38,Blind Choice,26,Өөрийгөө 3 үгээр тодорхойл.,choice,Easy,18+,2-10,choose
38-27,38,Blind Choice,27,Өнөөдрийн mood-оо 3 emoji-оор хэл.,choice,Medium,18+,2-10,choose
38-28,38,Blind Choice,28,Эндээс хэнийг илүү танимаар байна?,choice,Hard,18+,2-10,choose
38-29,38,Blind Choice,29,Нэг асуулт өөрөө зохио.,choice,Very Hard,18+,2-10,choose
38-30,38,Blind Choice,30,Тухгүй байвал PASS хийж болно.,choice,Extreme,18+,2-10,choose
39-01,39,Chemistry Test,1,Өөрийн хамгийн том мөрөөдлөө хэл.,choice,Easy,18+,2-10,choose
39-02,39,Chemistry Test,2,Өөрийн нэг green flag-аа хэл.,choice,Medium,18+,2-10,choose
39-03,39,Chemistry Test,3,Өөрийн нэг red flag-аа хэл.,choice,Hard,18+,2-10,choose
39-04,39,Chemistry Test,4,Сүүлд хэзээ үнэхээр баярласан бэ?,choice,Very Hard,18+,2-10,choose
39-05,39,Chemistry Test,5,Хэнээс message ирэхийг хүлээдэг вэ?,choice,Extreme,18+,2-10,choose
39-06,39,Chemistry Test,6,Perfect weekend-ээ тайлбарла.,choice,Easy,18+,2-10,choose
39-07,39,Chemistry Test,7,Dream destination-оо хэл.,choice,Medium,18+,2-10,choose
39-08,39,Chemistry Test,8,Хамгийн их хүндэлдэг чанараа хэл.,choice,Hard,18+,2-10,choose
39-09,39,Chemistry Test,9,Хамгийн муу зуршлаа хэл.,choice,Very Hard,18+,2-10,choose
39-10,39,Chemistry Test,10,Хамгийн сайн чанараа хэл.,choice,Extreme,18+,2-10,choose
39-11,39,Chemistry Test,11,5 жилийн дараах өөрийгөө төсөөл.,choice,Easy,18+,2-10,choose
39-12,39,Chemistry Test,12,Нэг хүнийг сонгоод compliment өг.,choice,Medium,18+,2-10,choose
39-13,39,Chemistry Test,13,Нэг хүний first impression-ийг хэл.,choice,Hard,18+,2-10,choose
39-14,39,Chemistry Test,14,Нэг дуу санал болго.,choice,Very Hard,18+,2-10,choose
39-15,39,Chemistry Test,15,Нэг кино санал болго.,choice,Extreme,18+,2-10,choose
39-16,39,Chemistry Test,16,Нэг хоол сонгоод тайлбарла.,choice,Easy,18+,2-10,choose
39-17,39,Chemistry Test,17,Нэг hobby туршиж үзмээр байгаагаа хэл.,choice,Medium,18+,2-10,choose
39-18,39,Chemistry Test,18,Мөнгө авбал хамгийн түрүүнд юу хийх вэ?,choice,Hard,18+,2-10,choose
39-19,39,Chemistry Test,19,Ямар хүнтэй амархан найзлах вэ?,choice,Very Hard,18+,2-10,choose
39-20,39,Chemistry Test,20,Ямар зан хамгийн их turn-off вэ?,choice,Extreme,18+,2-10,choose
39-21,39,Chemistry Test,21,Ямар зан хамгийн их татдаг вэ?,choice,Easy,18+,2-10,choose
39-22,39,Chemistry Test,22,Өнгөрсөнд очвол юу өөрчлөх вэ?,choice,Medium,18+,2-10,choose
39-23,39,Chemistry Test,23,Ирээдүйгээ харвал юу мэдмээр байна?,choice,Hard,18+,2-10,choose
39-24,39,Chemistry Test,24,Хэнтэй road trip хийх вэ?,choice,Very Hard,18+,2-10,choose
39-25,39,Chemistry Test,25,Хэнтэй удаан ярилцмаар байна?,choice,Extreme,18+,2-10,choose
39-26,39,Chemistry Test,26,Өөрийгөө 3 үгээр тодорхойл.,choice,Easy,18+,2-10,choose
39-27,39,Chemistry Test,27,Өнөөдрийн mood-оо 3 emoji-оор хэл.,choice,Medium,18+,2-10,choose
39-28,39,Chemistry Test,28,Эндээс хэнийг илүү танимаар байна?,choice,Hard,18+,2-10,choose
39-29,39,Chemistry Test,29,Нэг асуулт өөрөө зохио.,choice,Very Hard,18+,2-10,choose
39-30,39,Chemistry Test,30,Тухгүй байвал PASS хийж болно.,choice,Extreme,18+,2-10,choose
40-01,40,1v1 Battle,1,Өөрийн хамгийн том мөрөөдлөө хэл.,challenge,Easy,18+,2-10,do
40-02,40,1v1 Battle,2,Өөрийн нэг green flag-аа хэл.,challenge,Medium,18+,2-10,do
40-03,40,1v1 Battle,3,Өөрийн нэг red flag-аа хэл.,challenge,Hard,18+,2-10,do
40-04,40,1v1 Battle,4,Сүүлд хэзээ үнэхээр баярласан бэ?,challenge,Very Hard,18+,2-10,do
40-05,40,1v1 Battle,5,Хэнээс message ирэхийг хүлээдэг вэ?,challenge,Extreme,18+,2-10,do
40-06,40,1v1 Battle,6,Perfect weekend-ээ тайлбарла.,challenge,Easy,18+,2-10,do
40-07,40,1v1 Battle,7,Dream destination-оо хэл.,challenge,Medium,18+,2-10,do
40-08,40,1v1 Battle,8,Хамгийн их хүндэлдэг чанараа хэл.,challenge,Hard,18+,2-10,do
40-09,40,1v1 Battle,9,Хамгийн муу зуршлаа хэл.,challenge,Very Hard,18+,2-10,do
40-10,40,1v1 Battle,10,Хамгийн сайн чанараа хэл.,challenge,Extreme,18+,2-10,do
40-11,40,1v1 Battle,11,5 жилийн дараах өөрийгөө төсөөл.,challenge,Easy,18+,2-10,do
40-12,40,1v1 Battle,12,Нэг хүнийг сонгоод compliment өг.,challenge,Medium,18+,2-10,do
40-13,40,1v1 Battle,13,Нэг хүний first impression-ийг хэл.,challenge,Hard,18+,2-10,do
40-14,40,1v1 Battle,14,Нэг дуу санал болго.,challenge,Very Hard,18+,2-10,do
40-15,40,1v1 Battle,15,Нэг кино санал болго.,challenge,Extreme,18+,2-10,do
40-16,40,1v1 Battle,16,Нэг хоол сонгоод тайлбарла.,challenge,Easy,18+,2-10,do
40-17,40,1v1 Battle,17,Нэг hobby туршиж үзмээр байгаагаа хэл.,challenge,Medium,18+,2-10,do
40-18,40,1v1 Battle,18,Мөнгө авбал хамгийн түрүүнд юу хийх вэ?,challenge,Hard,18+,2-10,do
40-19,40,1v1 Battle,19,Ямар хүнтэй амархан найзлах вэ?,challenge,Very Hard,18+,2-10,do
40-20,40,1v1 Battle,20,Ямар зан хамгийн их turn-off вэ?,challenge,Extreme,18+,2-10,do
40-21,40,1v1 Battle,21,Ямар зан хамгийн их татдаг вэ?,challenge,Easy,18+,2-10,do
40-22,40,1v1 Battle,22,Өнгөрсөнд очвол юу өөрчлөх вэ?,challenge,Medium,18+,2-10,do
40-23,40,1v1 Battle,23,Ирээдүйгээ харвал юу мэдмээр байна?,challenge,Hard,18+,2-10,do
40-24,40,1v1 Battle,24,Хэнтэй road trip хийх вэ?,challenge,Very Hard,18+,2-10,do
40-25,40,1v1 Battle,25,Хэнтэй удаан ярилцмаар байна?,challenge,Extreme,18+,2-10,do
40-26,40,1v1 Battle,26,Өөрийгөө 3 үгээр тодорхойл.,challenge,Easy,18+,2-10,do
40-27,40,1v1 Battle,27,Өнөөдрийн mood-оо 3 emoji-оор хэл.,challenge,Medium,18+,2-10,do
40-28,40,1v1 Battle,28,Эндээс хэнийг илүү танимаар байна?,challenge,Hard,18+,2-10,do
40-29,40,1v1 Battle,29,Нэг асуулт өөрөө зохио.,challenge,Very Hard,18+,2-10,do
40-30,40,1v1 Battle,30,Тухгүй байвал PASS хийж болно.,challenge,Extreme,18+,2-10,do
41-01,41,Team Battle,1,Өөрийн хамгийн том мөрөөдлөө хэл.,challenge,Easy,18+,2-10,do
41-02,41,Team Battle,2,Өөрийн нэг green flag-аа хэл.,challenge,Medium,18+,2-10,do
41-03,41,Team Battle,3,Өөрийн нэг red flag-аа хэл.,challenge,Hard,18+,2-10,do
41-04,41,Team Battle,4,Сүүлд хэзээ үнэхээр баярласан бэ?,challenge,Very Hard,18+,2-10,do
41-05,41,Team Battle,5,Хэнээс message ирэхийг хүлээдэг вэ?,challenge,Extreme,18+,2-10,do
41-06,41,Team Battle,6,Perfect weekend-ээ тайлбарла.,challenge,Easy,18+,2-10,do
41-07,41,Team Battle,7,Dream destination-оо хэл.,challenge,Medium,18+,2-10,do
41-08,41,Team Battle,8,Хамгийн их хүндэлдэг чанараа хэл.,challenge,Hard,18+,2-10,do
41-09,41,Team Battle,9,Хамгийн муу зуршлаа хэл.,challenge,Very Hard,18+,2-10,do
41-10,41,Team Battle,10,Хамгийн сайн чанараа хэл.,challenge,Extreme,18+,2-10,do
41-11,41,Team Battle,11,5 жилийн дараах өөрийгөө төсөөл.,challenge,Easy,18+,2-10,do
41-12,41,Team Battle,12,Нэг хүнийг сонгоод compliment өг.,challenge,Medium,18+,2-10,do
41-13,41,Team Battle,13,Нэг хүний first impression-ийг хэл.,challenge,Hard,18+,2-10,do
41-14,41,Team Battle,14,Нэг дуу санал болго.,challenge,Very Hard,18+,2-10,do
41-15,41,Team Battle,15,Нэг кино санал болго.,challenge,Extreme,18+,2-10,do
41-16,41,Team Battle,16,Нэг хоол сонгоод тайлбарла.,challenge,Easy,18+,2-10,do
41-17,41,Team Battle,17,Нэг hobby туршиж үзмээр байгаагаа хэл.,challenge,Medium,18+,2-10,do
41-18,41,Team Battle,18,Мөнгө авбал хамгийн түрүүнд юу хийх вэ?,challenge,Hard,18+,2-10,do
41-19,41,Team Battle,19,Ямар хүнтэй амархан найзлах вэ?,challenge,Very Hard,18+,2-10,do
41-20,41,Team Battle,20,Ямар зан хамгийн их turn-off вэ?,challenge,Extreme,18+,2-10,do
41-21,41,Team Battle,21,Ямар зан хамгийн их татдаг вэ?,challenge,Easy,18+,2-10,do
41-22,41,Team Battle,22,Өнгөрсөнд очвол юу өөрчлөх вэ?,challenge,Medium,18+,2-10,do
41-23,41,Team Battle,23,Ирээдүйгээ харвал юу мэдмээр байна?,challenge,Hard,18+,2-10,do
41-24,41,Team Battle,24,Хэнтэй road trip хийх вэ?,challenge,Very Hard,18+,2-10,do
41-25,41,Team Battle,25,Хэнтэй удаан ярилцмаар байна?,challenge,Extreme,18+,2-10,do
41-26,41,Team Battle,26,Өөрийгөө 3 үгээр тодорхойл.,challenge,Easy,18+,2-10,do
41-27,41,Team Battle,27,Өнөөдрийн mood-оо 3 emoji-оор хэл.,challenge,Medium,18+,2-10,do
41-28,41,Team Battle,28,Эндээс хэнийг илүү танимаар байна?,challenge,Hard,18+,2-10,do
41-29,41,Team Battle,29,Нэг асуулт өөрөө зохио.,challenge,Very Hard,18+,2-10,do
41-30,41,Team Battle,30,Тухгүй байвал PASS хийж болно.,challenge,Extreme,18+,2-10,do
42-01,42,Trivia,1,Өөрийн хамгийн том мөрөөдлөө хэл.,choice,Easy,18+,2-10,choose
42-02,42,Trivia,2,Өөрийн нэг green flag-аа хэл.,choice,Medium,18+,2-10,choose
42-03,42,Trivia,3,Өөрийн нэг red flag-аа хэл.,choice,Hard,18+,2-10,choose
42-04,42,Trivia,4,Сүүлд хэзээ үнэхээр баярласан бэ?,choice,Very Hard,18+,2-10,choose
42-05,42,Trivia,5,Хэнээс message ирэхийг хүлээдэг вэ?,choice,Extreme,18+,2-10,choose
42-06,42,Trivia,6,Perfect weekend-ээ тайлбарла.,choice,Easy,18+,2-10,choose
42-07,42,Trivia,7,Dream destination-оо хэл.,choice,Medium,18+,2-10,choose
42-08,42,Trivia,8,Хамгийн их хүндэлдэг чанараа хэл.,choice,Hard,18+,2-10,choose
42-09,42,Trivia,9,Хамгийн муу зуршлаа хэл.,choice,Very Hard,18+,2-10,choose
42-10,42,Trivia,10,Хамгийн сайн чанараа хэл.,choice,Extreme,18+,2-10,choose
42-11,42,Trivia,11,5 жилийн дараах өөрийгөө төсөөл.,choice,Easy,18+,2-10,choose
42-12,42,Trivia,12,Нэг хүнийг сонгоод compliment өг.,choice,Medium,18+,2-10,choose
42-13,42,Trivia,13,Нэг хүний first impression-ийг хэл.,choice,Hard,18+,2-10,choose
42-14,42,Trivia,14,Нэг дуу санал болго.,choice,Very Hard,18+,2-10,choose
42-15,42,Trivia,15,Нэг кино санал болго.,choice,Extreme,18+,2-10,choose
42-16,42,Trivia,16,Нэг хоол сонгоод тайлбарла.,choice,Easy,18+,2-10,choose
42-17,42,Trivia,17,Нэг hobby туршиж үзмээр байгаагаа хэл.,choice,Medium,18+,2-10,choose
42-18,42,Trivia,18,Мөнгө авбал хамгийн түрүүнд юу хийх вэ?,choice,Hard,18+,2-10,choose
42-19,42,Trivia,19,Ямар хүнтэй амархан найзлах вэ?,choice,Very Hard,18+,2-10,choose
42-20,42,Trivia,20,Ямар зан хамгийн их turn-off вэ?,choice,Extreme,18+,2-10,choose
42-21,42,Trivia,21,Ямар зан хамгийн их татдаг вэ?,choice,Easy,18+,2-10,choose
42-22,42,Trivia,22,Өнгөрсөнд очвол юу өөрчлөх вэ?,choice,Medium,18+,2-10,choose
42-23,42,Trivia,23,Ирээдүйгээ харвал юу мэдмээр байна?,choice,Hard,18+,2-10,choose
42-24,42,Trivia,24,Хэнтэй road trip хийх вэ?,choice,Very Hard,18+,2-10,choose
42-25,42,Trivia,25,Хэнтэй удаан ярилцмаар байна?,choice,Extreme,18+,2-10,choose
42-26,42,Trivia,26,Өөрийгөө 3 үгээр тодорхойл.,choice,Easy,18+,2-10,choose
42-27,42,Trivia,27,Өнөөдрийн mood-оо 3 emoji-оор хэл.,choice,Medium,18+,2-10,choose
42-28,42,Trivia,28,Эндээс хэнийг илүү танимаар байна?,choice,Hard,18+,2-10,choose
42-29,42,Trivia,29,Нэг асуулт өөрөө зохио.,choice,Very Hard,18+,2-10,choose
42-30,42,Trivia,30,Тухгүй байвал PASS хийж болно.,choice,Extreme,18+,2-10,choose
43-01,43,General Knowledge,1,Өөрийн хамгийн том мөрөөдлөө хэл.,choice,Easy,18+,2-10,choose
43-02,43,General Knowledge,2,Өөрийн нэг green flag-аа хэл.,choice,Medium,18+,2-10,choose
43-03,43,General Knowledge,3,Өөрийн нэг red flag-аа хэл.,choice,Hard,18+,2-10,choose
43-04,43,General Knowledge,4,Сүүлд хэзээ үнэхээр баярласан бэ?,choice,Very Hard,18+,2-10,choose
43-05,43,General Knowledge,5,Хэнээс message ирэхийг хүлээдэг вэ?,choice,Extreme,18+,2-10,choose
43-06,43,General Knowledge,6,Perfect weekend-ээ тайлбарла.,choice,Easy,18+,2-10,choose
43-07,43,General Knowledge,7,Dream destination-оо хэл.,choice,Medium,18+,2-10,choose
43-08,43,General Knowledge,8,Хамгийн их хүндэлдэг чанараа хэл.,choice,Hard,18+,2-10,choose
43-09,43,General Knowledge,9,Хамгийн муу зуршлаа хэл.,choice,Very Hard,18+,2-10,choose
43-10,43,General Knowledge,10,Хамгийн сайн чанараа хэл.,choice,Extreme,18+,2-10,choose
43-11,43,General Knowledge,11,5 жилийн дараах өөрийгөө төсөөл.,choice,Easy,18+,2-10,choose
43-12,43,General Knowledge,12,Нэг хүнийг сонгоод compliment өг.,choice,Medium,18+,2-10,choose
43-13,43,General Knowledge,13,Нэг хүний first impression-ийг хэл.,choice,Hard,18+,2-10,choose
43-14,43,General Knowledge,14,Нэг дуу санал болго.,choice,Very Hard,18+,2-10,choose
43-15,43,General Knowledge,15,Нэг кино санал болго.,choice,Extreme,18+,2-10,choose
43-16,43,General Knowledge,16,Нэг хоол сонгоод тайлбарла.,choice,Easy,18+,2-10,choose
43-17,43,General Knowledge,17,Нэг hobby туршиж үзмээр байгаагаа хэл.,choice,Medium,18+,2-10,choose
43-18,43,General Knowledge,18,Мөнгө авбал хамгийн түрүүнд юу хийх вэ?,choice,Hard,18+,2-10,choose
43-19,43,General Knowledge,19,Ямар хүнтэй амархан найзлах вэ?,choice,Very Hard,18+,2-10,choose
43-20,43,General Knowledge,20,Ямар зан хамгийн их turn-off вэ?,choice,Extreme,18+,2-10,choose
43-21,43,General Knowledge,21,Ямар зан хамгийн их татдаг вэ?,choice,Easy,18+,2-10,choose
43-22,43,General Knowledge,22,Өнгөрсөнд очвол юу өөрчлөх вэ?,choice,Medium,18+,2-10,choose
43-23,43,General Knowledge,23,Ирээдүйгээ харвал юу мэдмээр байна?,choice,Hard,18+,2-10,choose
43-24,43,General Knowledge,24,Хэнтэй road trip хийх вэ?,choice,Very Hard,18+,2-10,choose
43-25,43,General Knowledge,25,Хэнтэй удаан ярилцмаар байна?,choice,Extreme,18+,2-10,choose
43-26,43,General Knowledge,26,Өөрийгөө 3 үгээр тодорхойл.,choice,Easy,18+,2-10,choose
43-27,43,General Knowledge,27,Өнөөдрийн mood-оо 3 emoji-оор хэл.,choice,Medium,18+,2-10,choose
43-28,43,General Knowledge,28,Эндээс хэнийг илүү танимаар байна?,choice,Hard,18+,2-10,choose
43-29,43,General Knowledge,29,Нэг асуулт өөрөө зохио.,choice,Very Hard,18+,2-10,choose
43-30,43,General Knowledge,30,Тухгүй байвал PASS хийж болно.,choice,Extreme,18+,2-10,choose
44-01,44,Music Battle,1,Өөрийн хамгийн том мөрөөдлөө хэл.,challenge,Easy,18+,2-10,do
44-02,44,Music Battle,2,Өөрийн нэг green flag-аа хэл.,challenge,Medium,18+,2-10,do
44-03,44,Music Battle,3,Өөрийн нэг red flag-аа хэл.,challenge,Hard,18+,2-10,do
44-04,44,Music Battle,4,Сүүлд хэзээ үнэхээр баярласан бэ?,challenge,Very Hard,18+,2-10,do
44-05,44,Music Battle,5,Хэнээс message ирэхийг хүлээдэг вэ?,challenge,Extreme,18+,2-10,do
44-06,44,Music Battle,6,Perfect weekend-ээ тайлбарла.,challenge,Easy,18+,2-10,do
44-07,44,Music Battle,7,Dream destination-оо хэл.,challenge,Medium,18+,2-10,do
44-08,44,Music Battle,8,Хамгийн их хүндэлдэг чанараа хэл.,challenge,Hard,18+,2-10,do
44-09,44,Music Battle,9,Хамгийн муу зуршлаа хэл.,challenge,Very Hard,18+,2-10,do
44-10,44,Music Battle,10,Хамгийн сайн чанараа хэл.,challenge,Extreme,18+,2-10,do
44-11,44,Music Battle,11,5 жилийн дараах өөрийгөө төсөөл.,challenge,Easy,18+,2-10,do
44-12,44,Music Battle,12,Нэг хүнийг сонгоод compliment өг.,challenge,Medium,18+,2-10,do
44-13,44,Music Battle,13,Нэг хүний first impression-ийг хэл.,challenge,Hard,18+,2-10,do
44-14,44,Music Battle,14,Нэг дуу санал болго.,challenge,Very Hard,18+,2-10,do
44-15,44,Music Battle,15,Нэг кино санал болго.,challenge,Extreme,18+,2-10,do
44-16,44,Music Battle,16,Нэг хоол сонгоод тайлбарла.,challenge,Easy,18+,2-10,do
44-17,44,Music Battle,17,Нэг hobby туршиж үзмээр байгаагаа хэл.,challenge,Medium,18+,2-10,do
44-18,44,Music Battle,18,Мөнгө авбал хамгийн түрүүнд юу хийх вэ?,challenge,Hard,18+,2-10,do
44-19,44,Music Battle,19,Ямар хүнтэй амархан найзлах вэ?,challenge,Very Hard,18+,2-10,do
44-20,44,Music Battle,20,Ямар зан хамгийн их turn-off вэ?,challenge,Extreme,18+,2-10,do
44-21,44,Music Battle,21,Ямар зан хамгийн их татдаг вэ?,challenge,Easy,18+,2-10,do
44-22,44,Music Battle,22,Өнгөрсөнд очвол юу өөрчлөх вэ?,challenge,Medium,18+,2-10,do
44-23,44,Music Battle,23,Ирээдүйгээ харвал юу мэдмээр байна?,challenge,Hard,18+,2-10,do
44-24,44,Music Battle,24,Хэнтэй road trip хийх вэ?,challenge,Very Hard,18+,2-10,do
44-25,44,Music Battle,25,Хэнтэй удаан ярилцмаар байна?,challenge,Extreme,18+,2-10,do
44-26,44,Music Battle,26,Өөрийгөө 3 үгээр тодорхойл.,challenge,Easy,18+,2-10,do
44-27,44,Music Battle,27,Өнөөдрийн mood-оо 3 emoji-оор хэл.,challenge,Medium,18+,2-10,do
44-28,44,Music Battle,28,Эндээс хэнийг илүү танимаар байна?,challenge,Hard,18+,2-10,do
44-29,44,Music Battle,29,Нэг асуулт өөрөө зохио.,challenge,Very Hard,18+,2-10,do
44-30,44,Music Battle,30,Тухгүй байвал PASS хийж болно.,challenge,Extreme,18+,2-10,do
45-01,45,Movie Battle,1,Өөрийн хамгийн том мөрөөдлөө хэл.,choice,Easy,18+,2-10,choose
45-02,45,Movie Battle,2,Өөрийн нэг green flag-аа хэл.,choice,Medium,18+,2-10,choose
45-03,45,Movie Battle,3,Өөрийн нэг red flag-аа хэл.,choice,Hard,18+,2-10,choose
45-04,45,Movie Battle,4,Сүүлд хэзээ үнэхээр баярласан бэ?,choice,Very Hard,18+,2-10,choose
45-05,45,Movie Battle,5,Хэнээс message ирэхийг хүлээдэг вэ?,choice,Extreme,18+,2-10,choose
45-06,45,Movie Battle,6,Perfect weekend-ээ тайлбарла.,choice,Easy,18+,2-10,choose
45-07,45,Movie Battle,7,Dream destination-оо хэл.,choice,Medium,18+,2-10,choose
45-08,45,Movie Battle,8,Хамгийн их хүндэлдэг чанараа хэл.,choice,Hard,18+,2-10,choose
45-09,45,Movie Battle,9,Хамгийн муу зуршлаа хэл.,choice,Very Hard,18+,2-10,choose
45-10,45,Movie Battle,10,Хамгийн сайн чанараа хэл.,choice,Extreme,18+,2-10,choose
45-11,45,Movie Battle,11,5 жилийн дараах өөрийгөө төсөөл.,choice,Easy,18+,2-10,choose
45-12,45,Movie Battle,12,Нэг хүнийг сонгоод compliment өг.,choice,Medium,18+,2-10,choose
45-13,45,Movie Battle,13,Нэг хүний first impression-ийг хэл.,choice,Hard,18+,2-10,choose
45-14,45,Movie Battle,14,Нэг дуу санал болго.,choice,Very Hard,18+,2-10,choose
45-15,45,Movie Battle,15,Нэг кино санал болго.,choice,Extreme,18+,2-10,choose
45-16,45,Movie Battle,16,Нэг хоол сонгоод тайлбарла.,choice,Easy,18+,2-10,choose
45-17,45,Movie Battle,17,Нэг hobby туршиж үзмээр байгаагаа хэл.,choice,Medium,18+,2-10,choose
45-18,45,Movie Battle,18,Мөнгө авбал хамгийн түрүүнд юу хийх вэ?,choice,Hard,18+,2-10,choose
45-19,45,Movie Battle,19,Ямар хүнтэй амархан найзлах вэ?,choice,Very Hard,18+,2-10,choose
45-20,45,Movie Battle,20,Ямар зан хамгийн их turn-off вэ?,choice,Extreme,18+,2-10,choose
45-21,45,Movie Battle,21,Ямар зан хамгийн их татдаг вэ?,choice,Easy,18+,2-10,choose
45-22,45,Movie Battle,22,Өнгөрсөнд очвол юу өөрчлөх вэ?,choice,Medium,18+,2-10,choose
45-23,45,Movie Battle,23,Ирээдүйгээ харвал юу мэдмээр байна?,choice,Hard,18+,2-10,choose
45-24,45,Movie Battle,24,Хэнтэй road trip хийх вэ?,choice,Very Hard,18+,2-10,choose
45-25,45,Movie Battle,25,Хэнтэй удаан ярилцмаар байна?,choice,Extreme,18+,2-10,choose
45-26,45,Movie Battle,26,Өөрийгөө 3 үгээр тодорхойл.,choice,Easy,18+,2-10,choose
45-27,45,Movie Battle,27,Өнөөдрийн mood-оо 3 emoji-оор хэл.,choice,Medium,18+,2-10,choose
45-28,45,Movie Battle,28,Эндээс хэнийг илүү танимаар байна?,choice,Hard,18+,2-10,choose
45-29,45,Movie Battle,29,Нэг асуулт өөрөө зохио.,choice,Very Hard,18+,2-10,choose
45-30,45,Movie Battle,30,Тухгүй байвал PASS хийж болно.,choice,Extreme,18+,2-10,choose
46-01,46,Sports Battle,1,Өөрийн хамгийн том мөрөөдлөө хэл.,choice,Easy,18+,2-10,choose
46-02,46,Sports Battle,2,Өөрийн нэг green flag-аа хэл.,choice,Medium,18+,2-10,choose
46-03,46,Sports Battle,3,Өөрийн нэг red flag-аа хэл.,choice,Hard,18+,2-10,choose
46-04,46,Sports Battle,4,Сүүлд хэзээ үнэхээр баярласан бэ?,choice,Very Hard,18+,2-10,choose
46-05,46,Sports Battle,5,Хэнээс message ирэхийг хүлээдэг вэ?,choice,Extreme,18+,2-10,choose
46-06,46,Sports Battle,6,Perfect weekend-ээ тайлбарла.,choice,Easy,18+,2-10,choose
46-07,46,Sports Battle,7,Dream destination-оо хэл.,choice,Medium,18+,2-10,choose
46-08,46,Sports Battle,8,Хамгийн их хүндэлдэг чанараа хэл.,choice,Hard,18+,2-10,choose
46-09,46,Sports Battle,9,Хамгийн муу зуршлаа хэл.,choice,Very Hard,18+,2-10,choose
46-10,46,Sports Battle,10,Хамгийн сайн чанараа хэл.,choice,Extreme,18+,2-10,choose
46-11,46,Sports Battle,11,5 жилийн дараах өөрийгөө төсөөл.,choice,Easy,18+,2-10,choose
46-12,46,Sports Battle,12,Нэг хүнийг сонгоод compliment өг.,choice,Medium,18+,2-10,choose
46-13,46,Sports Battle,13,Нэг хүний first impression-ийг хэл.,choice,Hard,18+,2-10,choose
46-14,46,Sports Battle,14,Нэг дуу санал болго.,choice,Very Hard,18+,2-10,choose
46-15,46,Sports Battle,15,Нэг кино санал болго.,choice,Extreme,18+,2-10,choose
46-16,46,Sports Battle,16,Нэг хоол сонгоод тайлбарла.,choice,Easy,18+,2-10,choose
46-17,46,Sports Battle,17,Нэг hobby туршиж үзмээр байгаагаа хэл.,choice,Medium,18+,2-10,choose
46-18,46,Sports Battle,18,Мөнгө авбал хамгийн түрүүнд юу хийх вэ?,choice,Hard,18+,2-10,choose
46-19,46,Sports Battle,19,Ямар хүнтэй амархан найзлах вэ?,choice,Very Hard,18+,2-10,choose
46-20,46,Sports Battle,20,Ямар зан хамгийн их turn-off вэ?,choice,Extreme,18+,2-10,choose
46-21,46,Sports Battle,21,Ямар зан хамгийн их татдаг вэ?,choice,Easy,18+,2-10,choose
46-22,46,Sports Battle,22,Өнгөрсөнд очвол юу өөрчлөх вэ?,choice,Medium,18+,2-10,choose
46-23,46,Sports Battle,23,Ирээдүйгээ харвал юу мэдмээр байна?,choice,Hard,18+,2-10,choose
46-24,46,Sports Battle,24,Хэнтэй road trip хийх вэ?,choice,Very Hard,18+,2-10,choose
46-25,46,Sports Battle,25,Хэнтэй удаан ярилцмаар байна?,choice,Extreme,18+,2-10,choose
46-26,46,Sports Battle,26,Өөрийгөө 3 үгээр тодорхойл.,choice,Easy,18+,2-10,choose
46-27,46,Sports Battle,27,Өнөөдрийн mood-оо 3 emoji-оор хэл.,choice,Medium,18+,2-10,choose
46-28,46,Sports Battle,28,Эндээс хэнийг илүү танимаар байна?,choice,Hard,18+,2-10,choose
46-29,46,Sports Battle,29,Нэг асуулт өөрөө зохио.,choice,Very Hard,18+,2-10,choose
46-30,46,Sports Battle,30,Тухгүй байвал PASS хийж болно.,choice,Extreme,18+,2-10,choose
47-01,47,Memory Challenge,1,Өөрийн хамгийн том мөрөөдлөө хэл.,challenge,Easy,18+,2-10,do
47-02,47,Memory Challenge,2,Өөрийн нэг green flag-аа хэл.,challenge,Medium,18+,2-10,do
47-03,47,Memory Challenge,3,Өөрийн нэг red flag-аа хэл.,challenge,Hard,18+,2-10,do
47-04,47,Memory Challenge,4,Сүүлд хэзээ үнэхээр баярласан бэ?,challenge,Very Hard,18+,2-10,do
47-05,47,Memory Challenge,5,Хэнээс message ирэхийг хүлээдэг вэ?,challenge,Extreme,18+,2-10,do
47-06,47,Memory Challenge,6,Perfect weekend-ээ тайлбарла.,challenge,Easy,18+,2-10,do
47-07,47,Memory Challenge,7,Dream destination-оо хэл.,challenge,Medium,18+,2-10,do
47-08,47,Memory Challenge,8,Хамгийн их хүндэлдэг чанараа хэл.,challenge,Hard,18+,2-10,do
47-09,47,Memory Challenge,9,Хамгийн муу зуршлаа хэл.,challenge,Very Hard,18+,2-10,do
47-10,47,Memory Challenge,10,Хамгийн сайн чанараа хэл.,challenge,Extreme,18+,2-10,do
47-11,47,Memory Challenge,11,5 жилийн дараах өөрийгөө төсөөл.,challenge,Easy,18+,2-10,do
47-12,47,Memory Challenge,12,Нэг хүнийг сонгоод compliment өг.,challenge,Medium,18+,2-10,do
47-13,47,Memory Challenge,13,Нэг хүний first impression-ийг хэл.,challenge,Hard,18+,2-10,do
47-14,47,Memory Challenge,14,Нэг дуу санал болго.,challenge,Very Hard,18+,2-10,do
47-15,47,Memory Challenge,15,Нэг кино санал болго.,challenge,Extreme,18+,2-10,do
47-16,47,Memory Challenge,16,Нэг хоол сонгоод тайлбарла.,challenge,Easy,18+,2-10,do
47-17,47,Memory Challenge,17,Нэг hobby туршиж үзмээр байгаагаа хэл.,challenge,Medium,18+,2-10,do
47-18,47,Memory Challenge,18,Мөнгө авбал хамгийн түрүүнд юу хийх вэ?,challenge,Hard,18+,2-10,do
47-19,47,Memory Challenge,19,Ямар хүнтэй амархан найзлах вэ?,challenge,Very Hard,18+,2-10,do
47-20,47,Memory Challenge,20,Ямар зан хамгийн их turn-off вэ?,challenge,Extreme,18+,2-10,do
47-21,47,Memory Challenge,21,Ямар зан хамгийн их татдаг вэ?,challenge,Easy,18+,2-10,do
47-22,47,Memory Challenge,22,Өнгөрсөнд очвол юу өөрчлөх вэ?,challenge,Medium,18+,2-10,do
47-23,47,Memory Challenge,23,Ирээдүйгээ харвал юу мэдмээр байна?,challenge,Hard,18+,2-10,do
47-24,47,Memory Challenge,24,Хэнтэй road trip хийх вэ?,challenge,Very Hard,18+,2-10,do
47-25,47,Memory Challenge,25,Хэнтэй удаан ярилцмаар байна?,challenge,Extreme,18+,2-10,do
47-26,47,Memory Challenge,26,Өөрийгөө 3 үгээр тодорхойл.,challenge,Easy,18+,2-10,do
47-27,47,Memory Challenge,27,Өнөөдрийн mood-оо 3 emoji-оор хэл.,challenge,Medium,18+,2-10,do
47-28,47,Memory Challenge,28,Эндээс хэнийг илүү танимаар байна?,challenge,Hard,18+,2-10,do
47-29,47,Memory Challenge,29,Нэг асуулт өөрөө зохио.,challenge,Very Hard,18+,2-10,do
47-30,47,Memory Challenge,30,Тухгүй байвал PASS хийж болно.,challenge,Extreme,18+,2-10,do
48-01,48,Reaction Test,1,Өөрийн хамгийн том мөрөөдлөө хэл.,challenge,Easy,18+,2-10,do
48-02,48,Reaction Test,2,Өөрийн нэг green flag-аа хэл.,challenge,Medium,18+,2-10,do
48-03,48,Reaction Test,3,Өөрийн нэг red flag-аа хэл.,challenge,Hard,18+,2-10,do
48-04,48,Reaction Test,4,Сүүлд хэзээ үнэхээр баярласан бэ?,challenge,Very Hard,18+,2-10,do
48-05,48,Reaction Test,5,Хэнээс message ирэхийг хүлээдэг вэ?,challenge,Extreme,18+,2-10,do
48-06,48,Reaction Test,6,Perfect weekend-ээ тайлбарла.,challenge,Easy,18+,2-10,do
48-07,48,Reaction Test,7,Dream destination-оо хэл.,challenge,Medium,18+,2-10,do
48-08,48,Reaction Test,8,Хамгийн их хүндэлдэг чанараа хэл.,challenge,Hard,18+,2-10,do
48-09,48,Reaction Test,9,Хамгийн муу зуршлаа хэл.,challenge,Very Hard,18+,2-10,do
48-10,48,Reaction Test,10,Хамгийн сайн чанараа хэл.,challenge,Extreme,18+,2-10,do
48-11,48,Reaction Test,11,5 жилийн дараах өөрийгөө төсөөл.,challenge,Easy,18+,2-10,do
48-12,48,Reaction Test,12,Нэг хүнийг сонгоод compliment өг.,challenge,Medium,18+,2-10,do
48-13,48,Reaction Test,13,Нэг хүний first impression-ийг хэл.,challenge,Hard,18+,2-10,do
48-14,48,Reaction Test,14,Нэг дуу санал болго.,challenge,Very Hard,18+,2-10,do
48-15,48,Reaction Test,15,Нэг кино санал болго.,challenge,Extreme,18+,2-10,do
48-16,48,Reaction Test,16,Нэг хоол сонгоод тайлбарла.,challenge,Easy,18+,2-10,do
48-17,48,Reaction Test,17,Нэг hobby туршиж үзмээр байгаагаа хэл.,challenge,Medium,18+,2-10,do
48-18,48,Reaction Test,18,Мөнгө авбал хамгийн түрүүнд юу хийх вэ?,challenge,Hard,18+,2-10,do
48-19,48,Reaction Test,19,Ямар хүнтэй амархан найзлах вэ?,challenge,Very Hard,18+,2-10,do
48-20,48,Reaction Test,20,Ямар зан хамгийн их turn-off вэ?,challenge,Extreme,18+,2-10,do
48-21,48,Reaction Test,21,Ямар зан хамгийн их татдаг вэ?,challenge,Easy,18+,2-10,do
48-22,48,Reaction Test,22,Өнгөрсөнд очвол юу өөрчлөх вэ?,challenge,Medium,18+,2-10,do
48-23,48,Reaction Test,23,Ирээдүйгээ харвал юу мэдмээр байна?,challenge,Hard,18+,2-10,do
48-24,48,Reaction Test,24,Хэнтэй road trip хийх вэ?,challenge,Very Hard,18+,2-10,do
48-25,48,Reaction Test,25,Хэнтэй удаан ярилцмаар байна?,challenge,Extreme,18+,2-10,do
48-26,48,Reaction Test,26,Өөрийгөө 3 үгээр тодорхойл.,challenge,Easy,18+,2-10,do
48-27,48,Reaction Test,27,Өнөөдрийн mood-оо 3 emoji-оор хэл.,challenge,Medium,18+,2-10,do
48-28,48,Reaction Test,28,Эндээс хэнийг илүү танимаар байна?,challenge,Hard,18+,2-10,do
48-29,48,Reaction Test,29,Нэг асуулт өөрөө зохио.,challenge,Very Hard,18+,2-10,do
48-30,48,Reaction Test,30,Тухгүй байвал PASS хийж болно.,challenge,Extreme,18+,2-10,do
49-01,49,Word Battle,1,Өөрийн хамгийн том мөрөөдлөө хэл.,challenge,Easy,18+,2-10,do
49-02,49,Word Battle,2,Өөрийн нэг green flag-аа хэл.,challenge,Medium,18+,2-10,do
49-03,49,Word Battle,3,Өөрийн нэг red flag-аа хэл.,challenge,Hard,18+,2-10,do
49-04,49,Word Battle,4,Сүүлд хэзээ үнэхээр баярласан бэ?,challenge,Very Hard,18+,2-10,do
49-05,49,Word Battle,5,Хэнээс message ирэхийг хүлээдэг вэ?,challenge,Extreme,18+,2-10,do
49-06,49,Word Battle,6,Perfect weekend-ээ тайлбарла.,challenge,Easy,18+,2-10,do
49-07,49,Word Battle,7,Dream destination-оо хэл.,challenge,Medium,18+,2-10,do
49-08,49,Word Battle,8,Хамгийн их хүндэлдэг чанараа хэл.,challenge,Hard,18+,2-10,do
49-09,49,Word Battle,9,Хамгийн муу зуршлаа хэл.,challenge,Very Hard,18+,2-10,do
49-10,49,Word Battle,10,Хамгийн сайн чанараа хэл.,challenge,Extreme,18+,2-10,do
49-11,49,Word Battle,11,5 жилийн дараах өөрийгөө төсөөл.,challenge,Easy,18+,2-10,do
49-12,49,Word Battle,12,Нэг хүнийг сонгоод compliment өг.,challenge,Medium,18+,2-10,do
49-13,49,Word Battle,13,Нэг хүний first impression-ийг хэл.,challenge,Hard,18+,2-10,do
49-14,49,Word Battle,14,Нэг дуу санал болго.,challenge,Very Hard,18+,2-10,do
49-15,49,Word Battle,15,Нэг кино санал болго.,challenge,Extreme,18+,2-10,do
49-16,49,Word Battle,16,Нэг хоол сонгоод тайлбарла.,challenge,Easy,18+,2-10,do
49-17,49,Word Battle,17,Нэг hobby туршиж үзмээр байгаагаа хэл.,challenge,Medium,18+,2-10,do
49-18,49,Word Battle,18,Мөнгө авбал хамгийн түрүүнд юу хийх вэ?,challenge,Hard,18+,2-10,do
49-19,49,Word Battle,19,Ямар хүнтэй амархан найзлах вэ?,challenge,Very Hard,18+,2-10,do
49-20,49,Word Battle,20,Ямар зан хамгийн их turn-off вэ?,challenge,Extreme,18+,2-10,do
49-21,49,Word Battle,21,Ямар зан хамгийн их татдаг вэ?,challenge,Easy,18+,2-10,do
49-22,49,Word Battle,22,Өнгөрсөнд очвол юу өөрчлөх вэ?,challenge,Medium,18+,2-10,do
49-23,49,Word Battle,23,Ирээдүйгээ харвал юу мэдмээр байна?,challenge,Hard,18+,2-10,do
49-24,49,Word Battle,24,Хэнтэй road trip хийх вэ?,challenge,Very Hard,18+,2-10,do
49-25,49,Word Battle,25,Хэнтэй удаан ярилцмаар байна?,challenge,Extreme,18+,2-10,do
49-26,49,Word Battle,26,Өөрийгөө 3 үгээр тодорхойл.,challenge,Easy,18+,2-10,do
49-27,49,Word Battle,27,Өнөөдрийн mood-оо 3 emoji-оор хэл.,challenge,Medium,18+,2-10,do
49-28,49,Word Battle,28,Эндээс хэнийг илүү танимаар байна?,challenge,Hard,18+,2-10,do
49-29,49,Word Battle,29,Нэг асуулт өөрөө зохио.,challenge,Very Hard,18+,2-10,do
49-30,49,Word Battle,30,Тухгүй байвал PASS хийж болно.,challenge,Extreme,18+,2-10,do
50-01,50,Mafia,1,Өөрийн хамгийн том мөрөөдлөө хэл.,challenge,Easy,18+,2-10,do
50-02,50,Mafia,2,Өөрийн нэг green flag-аа хэл.,challenge,Medium,18+,2-10,do
50-03,50,Mafia,3,Өөрийн нэг red flag-аа хэл.,challenge,Hard,18+,2-10,do
50-04,50,Mafia,4,Сүүлд хэзээ үнэхээр баярласан бэ?,challenge,Very Hard,18+,2-10,do
50-05,50,Mafia,5,Хэнээс message ирэхийг хүлээдэг вэ?,challenge,Extreme,18+,2-10,do
50-06,50,Mafia,6,Perfect weekend-ээ тайлбарла.,challenge,Easy,18+,2-10,do
50-07,50,Mafia,7,Dream destination-оо хэл.,challenge,Medium,18+,2-10,do
50-08,50,Mafia,8,Хамгийн их хүндэлдэг чанараа хэл.,challenge,Hard,18+,2-10,do
50-09,50,Mafia,9,Хамгийн муу зуршлаа хэл.,challenge,Very Hard,18+,2-10,do
50-10,50,Mafia,10,Хамгийн сайн чанараа хэл.,challenge,Extreme,18+,2-10,do
50-11,50,Mafia,11,5 жилийн дараах өөрийгөө төсөөл.,challenge,Easy,18+,2-10,do
50-12,50,Mafia,12,Нэг хүнийг сонгоод compliment өг.,challenge,Medium,18+,2-10,do
50-13,50,Mafia,13,Нэг хүний first impression-ийг хэл.,challenge,Hard,18+,2-10,do
50-14,50,Mafia,14,Нэг дуу санал болго.,challenge,Very Hard,18+,2-10,do
50-15,50,Mafia,15,Нэг кино санал болго.,challenge,Extreme,18+,2-10,do
50-16,50,Mafia,16,Нэг хоол сонгоод тайлбарла.,challenge,Easy,18+,2-10,do
50-17,50,Mafia,17,Нэг hobby туршиж үзмээр байгаагаа хэл.,challenge,Medium,18+,2-10,do
50-18,50,Mafia,18,Мөнгө авбал хамгийн түрүүнд юу хийх вэ?,challenge,Hard,18+,2-10,do
50-19,50,Mafia,19,Ямар хүнтэй амархан найзлах вэ?,challenge,Very Hard,18+,2-10,do
50-20,50,Mafia,20,Ямар зан хамгийн их turn-off вэ?,challenge,Extreme,18+,2-10,do
50-21,50,Mafia,21,Ямар зан хамгийн их татдаг вэ?,challenge,Easy,18+,2-10,do
50-22,50,Mafia,22,Өнгөрсөнд очвол юу өөрчлөх вэ?,challenge,Medium,18+,2-10,do
50-23,50,Mafia,23,Ирээдүйгээ харвал юу мэдмээр байна?,challenge,Hard,18+,2-10,do
50-24,50,Mafia,24,Хэнтэй road trip хийх вэ?,challenge,Very Hard,18+,2-10,do
50-25,50,Mafia,25,Хэнтэй удаан ярилцмаар байна?,challenge,Extreme,18+,2-10,do
50-26,50,Mafia,26,Өөрийгөө 3 үгээр тодорхойл.,challenge,Easy,18+,2-10,do
50-27,50,Mafia,27,Өнөөдрийн mood-оо 3 emoji-оор хэл.,challenge,Medium,18+,2-10,do
50-28,50,Mafia,28,Эндээс хэнийг илүү танимаар байна?,challenge,Hard,18+,2-10,do
50-29,50,Mafia,29,Нэг асуулт өөрөө зохио.,challenge,Very Hard,18+,2-10,do
50-30,50,Mafia,30,Тухгүй байвал PASS хийж болно.,challenge,Extreme,18+,2-10,do
51-01,51,Never Have I Ever,1,Өөрийн хамгийн том мөрөөдлөө хэл.,question,Easy,18+,2-10,answer
51-02,51,Never Have I Ever,2,Өөрийн нэг green flag-аа хэл.,question,Medium,18+,2-10,answer
51-03,51,Never Have I Ever,3,Өөрийн нэг red flag-аа хэл.,question,Hard,18+,2-10,answer
51-04,51,Never Have I Ever,4,Сүүлд хэзээ үнэхээр баярласан бэ?,question,Very Hard,18+,2-10,answer
51-05,51,Never Have I Ever,5,Хэнээс message ирэхийг хүлээдэг вэ?,question,Extreme,18+,2-10,answer
51-06,51,Never Have I Ever,6,Perfect weekend-ээ тайлбарла.,question,Easy,18+,2-10,answer
51-07,51,Never Have I Ever,7,Dream destination-оо хэл.,question,Medium,18+,2-10,answer
51-08,51,Never Have I Ever,8,Хамгийн их хүндэлдэг чанараа хэл.,question,Hard,18+,2-10,answer
51-09,51,Never Have I Ever,9,Хамгийн муу зуршлаа хэл.,question,Very Hard,18+,2-10,answer
51-10,51,Never Have I Ever,10,Хамгийн сайн чанараа хэл.,question,Extreme,18+,2-10,answer
51-11,51,Never Have I Ever,11,5 жилийн дараах өөрийгөө төсөөл.,question,Easy,18+,2-10,answer
51-12,51,Never Have I Ever,12,Нэг хүнийг сонгоод compliment өг.,question,Medium,18+,2-10,answer
51-13,51,Never Have I Ever,13,Нэг хүний first impression-ийг хэл.,question,Hard,18+,2-10,answer
51-14,51,Never Have I Ever,14,Нэг дуу санал болго.,question,Very Hard,18+,2-10,answer
51-15,51,Never Have I Ever,15,Нэг кино санал болго.,question,Extreme,18+,2-10,answer
51-16,51,Never Have I Ever,16,Нэг хоол сонгоод тайлбарла.,question,Easy,18+,2-10,answer
51-17,51,Never Have I Ever,17,Нэг hobby туршиж үзмээр байгаагаа хэл.,question,Medium,18+,2-10,answer
51-18,51,Never Have I Ever,18,Мөнгө авбал хамгийн түрүүнд юу хийх вэ?,question,Hard,18+,2-10,answer
51-19,51,Never Have I Ever,19,Ямар хүнтэй амархан найзлах вэ?,question,Very Hard,18+,2-10,answer
51-20,51,Never Have I Ever,20,Ямар зан хамгийн их turn-off вэ?,question,Extreme,18+,2-10,answer
51-21,51,Never Have I Ever,21,Ямар зан хамгийн их татдаг вэ?,question,Easy,18+,2-10,answer
51-22,51,Never Have I Ever,22,Өнгөрсөнд очвол юу өөрчлөх вэ?,question,Medium,18+,2-10,answer
51-23,51,Never Have I Ever,23,Ирээдүйгээ харвал юу мэдмээр байна?,question,Hard,18+,2-10,answer
51-24,51,Never Have I Ever,24,Хэнтэй road trip хийх вэ?,question,Very Hard,18+,2-10,answer
51-25,51,Never Have I Ever,25,Хэнтэй удаан ярилцмаар байна?,question,Extreme,18+,2-10,answer
51-26,51,Never Have I Ever,26,Өөрийгөө 3 үгээр тодорхойл.,question,Easy,18+,2-10,answer
51-27,51,Never Have I Ever,27,Өнөөдрийн mood-оо 3 emoji-оор хэл.,question,Medium,18+,2-10,answer
51-28,51,Never Have I Ever,28,Эндээс хэнийг илүү танимаар байна?,question,Hard,18+,2-10,answer
51-29,51,Never Have I Ever,29,Нэг асуулт өөрөө зохио.,question,Very Hard,18+,2-10,answer
51-30,51,Never Have I Ever,30,Тухгүй байвал PASS хийж болно.,question,Extreme,18+,2-10,answer
52-01,52,Most Likely To,1,Эндээс хэн хамгийн түрүүнд гэрлэх вэ?,vote,Easy,18+,2-10,vote
52-02,52,Most Likely To,2,Эндээс хэн хамгийн их мөнгө олох вэ?,vote,Medium,18+,2-10,vote
52-03,52,Most Likely To,3,Эндээс хэн хамгийн их аялал хийх вэ?,vote,Hard,18+,2-10,vote
52-04,52,Most Likely To,4,Эндээс хэн хамгийн их party хийх вэ?,vote,Very Hard,18+,2-10,vote
52-05,52,Most Likely To,5,Эндээс хэн хамгийн сайн secret хадгалах вэ?,vote,Extreme,18+,2-10,vote
52-06,52,Most Likely To,6,Эндээс хэн хамгийн их flirt хийх вэ?,vote,Easy,18+,2-10,vote
52-07,52,Most Likely To,7,Эндээс хэн хамгийн романтик вэ?,vote,Medium,18+,2-10,vote
52-08,52,Most Likely To,8,Эндээс хэн хамгийн jealous вэ?,vote,Hard,18+,2-10,vote
52-09,52,Most Likely To,9,Эндээс хэн хамгийн түрүүнд шинэ машин авах вэ?,vote,Very Hard,18+,2-10,vote
52-10,52,Most Likely To,10,Эндээс хэн хамгийн сайн business эхлүүлэх вэ?,vote,Extreme,18+,2-10,vote
52-11,52,Most Likely To,11,Эндээс хэн хамгийн их selfie авах вэ?,vote,Easy,18+,2-10,vote
52-12,52,Most Likely To,12,Эндээс хэн хамгийн сайн dancer вэ?,vote,Medium,18+,2-10,vote
52-13,52,Most Likely To,13,Эндээс хэн хамгийн сайн singer вэ?,vote,Hard,18+,2-10,vote
52-14,52,Most Likely To,14,Эндээс хэн хамгийн сайн actor вэ?,vote,Very Hard,18+,2-10,vote
52-15,52,Most Likely To,15,Эндээс хэн хамгийн их risk авах вэ?,vote,Extreme,18+,2-10,vote
52-16,52,Most Likely To,16,Эндээс хэн хамгийн тайван вэ?,vote,Easy,18+,2-10,vote
52-17,52,Most Likely To,17,Эндээс хэн хамгийн spontaneous вэ?,vote,Medium,18+,2-10,vote
52-18,52,Most Likely To,18,Эндээс хэн хамгийн хурдан найзлах вэ?,vote,Hard,18+,2-10,vote
52-19,52,Most Likely To,19,Эндээс хэн хамгийн их мөнгө үрэх вэ?,vote,Very Hard,18+,2-10,vote
52-20,52,Most Likely To,20,Эндээс хэн хамгийн сайн date зохион байгуулах вэ?,vote,Extreme,18+,2-10,vote
52-21,52,Most Likely To,21,Эндээс хэн хамгийн их унтах вэ?,vote,Easy,18+,2-10,vote
52-22,52,Most Likely To,22,Эндээс хэн хамгийн их phone шалгах вэ?,vote,Medium,18+,2-10,vote
52-23,52,Most Likely To,23,Эндээс хэн хамгийн их meme явуулах вэ?,vote,Hard,18+,2-10,vote
52-24,52,Most Likely To,24,Эндээс хэн хамгийн түрүүнд гадаадад нүүх вэ?,vote,Very Hard,18+,2-10,vote
52-25,52,Most Likely To,25,Эндээс хэн хамгийн сайн leader вэ?,vote,Extreme,18+,2-10,vote
52-26,52,Most Likely To,26,Эндээс хэн хамгийн их surprise хийх вэ?,vote,Easy,18+,2-10,vote
52-27,52,Most Likely To,27,Эндээс хэн хамгийн их second chance өгөх вэ?,vote,Medium,18+,2-10,vote
52-28,52,Most Likely To,28,Эндээс хэн хамгийн memorable вэ?,vote,Hard,18+,2-10,vote
52-29,52,Most Likely To,29,Эндээс хэн хамгийн их adventure хийх вэ?,vote,Very Hard,18+,2-10,vote
52-30,52,Most Likely To,30,Эндээс хэн хамгийн их trend турших вэ?,vote,Extreme,18+,2-10,vote
53-01,53,Would You Rather,1,Өөрийн хамгийн том мөрөөдлөө хэл.,choice,Easy,18+,2-10,choose
53-02,53,Would You Rather,2,Өөрийн нэг green flag-аа хэл.,choice,Medium,18+,2-10,choose
53-03,53,Would You Rather,3,Өөрийн нэг red flag-аа хэл.,choice,Hard,18+,2-10,choose
53-04,53,Would You Rather,4,Сүүлд хэзээ үнэхээр баярласан бэ?,choice,Very Hard,18+,2-10,choose
53-05,53,Would You Rather,5,Хэнээс message ирэхийг хүлээдэг вэ?,choice,Extreme,18+,2-10,choose
53-06,53,Would You Rather,6,Perfect weekend-ээ тайлбарла.,choice,Easy,18+,2-10,choose
53-07,53,Would You Rather,7,Dream destination-оо хэл.,choice,Medium,18+,2-10,choose
53-08,53,Would You Rather,8,Хамгийн их хүндэлдэг чанараа хэл.,choice,Hard,18+,2-10,choose
53-09,53,Would You Rather,9,Хамгийн муу зуршлаа хэл.,choice,Very Hard,18+,2-10,choose
53-10,53,Would You Rather,10,Хамгийн сайн чанараа хэл.,choice,Extreme,18+,2-10,choose
53-11,53,Would You Rather,11,5 жилийн дараах өөрийгөө төсөөл.,choice,Easy,18+,2-10,choose
53-12,53,Would You Rather,12,Нэг хүнийг сонгоод compliment өг.,choice,Medium,18+,2-10,choose
53-13,53,Would You Rather,13,Нэг хүний first impression-ийг хэл.,choice,Hard,18+,2-10,choose
53-14,53,Would You Rather,14,Нэг дуу санал болго.,choice,Very Hard,18+,2-10,choose
53-15,53,Would You Rather,15,Нэг кино санал болго.,choice,Extreme,18+,2-10,choose
53-16,53,Would You Rather,16,Нэг хоол сонгоод тайлбарла.,choice,Easy,18+,2-10,choose
53-17,53,Would You Rather,17,Нэг hobby туршиж үзмээр байгаагаа хэл.,choice,Medium,18+,2-10,choose
53-18,53,Would You Rather,18,Мөнгө авбал хамгийн түрүүнд юу хийх вэ?,choice,Hard,18+,2-10,choose
53-19,53,Would You Rather,19,Ямар хүнтэй амархан найзлах вэ?,choice,Very Hard,18+,2-10,choose
53-20,53,Would You Rather,20,Ямар зан хамгийн их turn-off вэ?,choice,Extreme,18+,2-10,choose
53-21,53,Would You Rather,21,Ямар зан хамгийн их татдаг вэ?,choice,Easy,18+,2-10,choose
53-22,53,Would You Rather,22,Өнгөрсөнд очвол юу өөрчлөх вэ?,choice,Medium,18+,2-10,choose
53-23,53,Would You Rather,23,Ирээдүйгээ харвал юу мэдмээр байна?,choice,Hard,18+,2-10,choose
53-24,53,Would You Rather,24,Хэнтэй road trip хийх вэ?,choice,Very Hard,18+,2-10,choose
53-25,53,Would You Rather,25,Хэнтэй удаан ярилцмаар байна?,choice,Extreme,18+,2-10,choose
53-26,53,Would You Rather,26,Өөрийгөө 3 үгээр тодорхойл.,choice,Easy,18+,2-10,choose
53-27,53,Would You Rather,27,Өнөөдрийн mood-оо 3 emoji-оор хэл.,choice,Medium,18+,2-10,choose
53-28,53,Would You Rather,28,Эндээс хэнийг илүү танимаар байна?,choice,Hard,18+,2-10,choose
53-29,53,Would You Rather,29,Нэг асуулт өөрөө зохио.,choice,Very Hard,18+,2-10,choose
53-30,53,Would You Rather,30,Тухгүй байвал PASS хийж болно.,choice,Extreme,18+,2-10,choose
54-01,54,Who Knows Me Best,1,Өөрийн хамгийн том мөрөөдлөө хэл.,choice,Easy,18+,2-10,choose
54-02,54,Who Knows Me Best,2,Өөрийн нэг green flag-аа хэл.,choice,Medium,18+,2-10,choose
54-03,54,Who Knows Me Best,3,Өөрийн нэг red flag-аа хэл.,choice,Hard,18+,2-10,choose
54-04,54,Who Knows Me Best,4,Сүүлд хэзээ үнэхээр баярласан бэ?,choice,Very Hard,18+,2-10,choose
54-05,54,Who Knows Me Best,5,Хэнээс message ирэхийг хүлээдэг вэ?,choice,Extreme,18+,2-10,choose
54-06,54,Who Knows Me Best,6,Perfect weekend-ээ тайлбарла.,choice,Easy,18+,2-10,choose
54-07,54,Who Knows Me Best,7,Dream destination-оо хэл.,choice,Medium,18+,2-10,choose
54-08,54,Who Knows Me Best,8,Хамгийн их хүндэлдэг чанараа хэл.,choice,Hard,18+,2-10,choose
54-09,54,Who Knows Me Best,9,Хамгийн муу зуршлаа хэл.,choice,Very Hard,18+,2-10,choose
54-10,54,Who Knows Me Best,10,Хамгийн сайн чанараа хэл.,choice,Extreme,18+,2-10,choose
54-11,54,Who Knows Me Best,11,5 жилийн дараах өөрийгөө төсөөл.,choice,Easy,18+,2-10,choose
54-12,54,Who Knows Me Best,12,Нэг хүнийг сонгоод compliment өг.,choice,Medium,18+,2-10,choose
54-13,54,Who Knows Me Best,13,Нэг хүний first impression-ийг хэл.,choice,Hard,18+,2-10,choose
54-14,54,Who Knows Me Best,14,Нэг дуу санал болго.,choice,Very Hard,18+,2-10,choose
54-15,54,Who Knows Me Best,15,Нэг кино санал болго.,choice,Extreme,18+,2-10,choose
54-16,54,Who Knows Me Best,16,Нэг хоол сонгоод тайлбарла.,choice,Easy,18+,2-10,choose
54-17,54,Who Knows Me Best,17,Нэг hobby туршиж үзмээр байгаагаа хэл.,choice,Medium,18+,2-10,choose
54-18,54,Who Knows Me Best,18,Мөнгө авбал хамгийн түрүүнд юу хийх вэ?,choice,Hard,18+,2-10,choose
54-19,54,Who Knows Me Best,19,Ямар хүнтэй амархан найзлах вэ?,choice,Very Hard,18+,2-10,choose
54-20,54,Who Knows Me Best,20,Ямар зан хамгийн их turn-off вэ?,choice,Extreme,18+,2-10,choose
54-21,54,Who Knows Me Best,21,Ямар зан хамгийн их татдаг вэ?,choice,Easy,18+,2-10,choose
54-22,54,Who Knows Me Best,22,Өнгөрсөнд очвол юу өөрчлөх вэ?,choice,Medium,18+,2-10,choose
54-23,54,Who Knows Me Best,23,Ирээдүйгээ харвал юу мэдмээр байна?,choice,Hard,18+,2-10,choose
54-24,54,Who Knows Me Best,24,Хэнтэй road trip хийх вэ?,choice,Very Hard,18+,2-10,choose
54-25,54,Who Knows Me Best,25,Хэнтэй удаан ярилцмаар байна?,choice,Extreme,18+,2-10,choose
54-26,54,Who Knows Me Best,26,Өөрийгөө 3 үгээр тодорхойл.,choice,Easy,18+,2-10,choose
54-27,54,Who Knows Me Best,27,Өнөөдрийн mood-оо 3 emoji-оор хэл.,choice,Medium,18+,2-10,choose
54-28,54,Who Knows Me Best,28,Эндээс хэнийг илүү танимаар байна?,choice,Hard,18+,2-10,choose
54-29,54,Who Knows Me Best,29,Нэг асуулт өөрөө зохио.,choice,Very Hard,18+,2-10,choose
54-30,54,Who Knows Me Best,30,Тухгүй байвал PASS хийж болно.,choice,Extreme,18+,2-10,choose
55-01,55,Hot Seat,1,Өөрийн хамгийн том мөрөөдлөө хэл.,question,Easy,18+,2-10,answer
55-02,55,Hot Seat,2,Өөрийн нэг green flag-аа хэл.,question,Medium,18+,2-10,answer
55-03,55,Hot Seat,3,Өөрийн нэг red flag-аа хэл.,question,Hard,18+,2-10,answer
55-04,55,Hot Seat,4,Сүүлд хэзээ үнэхээр баярласан бэ?,question,Very Hard,18+,2-10,answer
55-05,55,Hot Seat,5,Хэнээс message ирэхийг хүлээдэг вэ?,question,Extreme,18+,2-10,answer
55-06,55,Hot Seat,6,Perfect weekend-ээ тайлбарла.,question,Easy,18+,2-10,answer
55-07,55,Hot Seat,7,Dream destination-оо хэл.,question,Medium,18+,2-10,answer
55-08,55,Hot Seat,8,Хамгийн их хүндэлдэг чанараа хэл.,question,Hard,18+,2-10,answer
55-09,55,Hot Seat,9,Хамгийн муу зуршлаа хэл.,question,Very Hard,18+,2-10,answer
55-10,55,Hot Seat,10,Хамгийн сайн чанараа хэл.,question,Extreme,18+,2-10,answer
55-11,55,Hot Seat,11,5 жилийн дараах өөрийгөө төсөөл.,question,Easy,18+,2-10,answer
55-12,55,Hot Seat,12,Нэг хүнийг сонгоод compliment өг.,question,Medium,18+,2-10,answer
55-13,55,Hot Seat,13,Нэг хүний first impression-ийг хэл.,question,Hard,18+,2-10,answer
55-14,55,Hot Seat,14,Нэг дуу санал болго.,question,Very Hard,18+,2-10,answer
55-15,55,Hot Seat,15,Нэг кино санал болго.,question,Extreme,18+,2-10,answer
55-16,55,Hot Seat,16,Нэг хоол сонгоод тайлбарла.,question,Easy,18+,2-10,answer
55-17,55,Hot Seat,17,Нэг hobby туршиж үзмээр байгаагаа хэл.,question,Medium,18+,2-10,answer
55-18,55,Hot Seat,18,Мөнгө авбал хамгийн түрүүнд юу хийх вэ?,question,Hard,18+,2-10,answer
55-19,55,Hot Seat,19,Ямар хүнтэй амархан найзлах вэ?,question,Very Hard,18+,2-10,answer
55-20,55,Hot Seat,20,Ямар зан хамгийн их turn-off вэ?,question,Extreme,18+,2-10,answer
55-21,55,Hot Seat,21,Ямар зан хамгийн их татдаг вэ?,question,Easy,18+,2-10,answer
55-22,55,Hot Seat,22,Өнгөрсөнд очвол юу өөрчлөх вэ?,question,Medium,18+,2-10,answer
55-23,55,Hot Seat,23,Ирээдүйгээ харвал юу мэдмээр байна?,question,Hard,18+,2-10,answer
55-24,55,Hot Seat,24,Хэнтэй road trip хийх вэ?,question,Very Hard,18+,2-10,answer
55-25,55,Hot Seat,25,Хэнтэй удаан ярилцмаар байна?,question,Extreme,18+,2-10,answer
55-26,55,Hot Seat,26,Өөрийгөө 3 үгээр тодорхойл.,question,Easy,18+,2-10,answer
55-27,55,Hot Seat,27,Өнөөдрийн mood-оо 3 emoji-оор хэл.,question,Medium,18+,2-10,answer
55-28,55,Hot Seat,28,Эндээс хэнийг илүү танимаар байна?,question,Hard,18+,2-10,answer
55-29,55,Hot Seat,29,Нэг асуулт өөрөө зохио.,question,Very Hard,18+,2-10,answer
55-30,55,Hot Seat,30,Тухгүй байвал PASS хийж болно.,question,Extreme,18+,2-10,answer
56-01,56,Spin the Wheel,1,Өөрийн хамгийн том мөрөөдлөө хэл.,challenge,Easy,18+,2-10,do
56-02,56,Spin the Wheel,2,Өөрийн нэг green flag-аа хэл.,challenge,Medium,18+,2-10,do
56-03,56,Spin the Wheel,3,Өөрийн нэг red flag-аа хэл.,challenge,Hard,18+,2-10,do
56-04,56,Spin the Wheel,4,Сүүлд хэзээ үнэхээр баярласан бэ?,challenge,Very Hard,18+,2-10,do
56-05,56,Spin the Wheel,5,Хэнээс message ирэхийг хүлээдэг вэ?,challenge,Extreme,18+,2-10,do
56-06,56,Spin the Wheel,6,Perfect weekend-ээ тайлбарла.,challenge,Easy,18+,2-10,do
56-07,56,Spin the Wheel,7,Dream destination-оо хэл.,challenge,Medium,18+,2-10,do
56-08,56,Spin the Wheel,8,Хамгийн их хүндэлдэг чанараа хэл.,challenge,Hard,18+,2-10,do
56-09,56,Spin the Wheel,9,Хамгийн муу зуршлаа хэл.,challenge,Very Hard,18+,2-10,do
56-10,56,Spin the Wheel,10,Хамгийн сайн чанараа хэл.,challenge,Extreme,18+,2-10,do
56-11,56,Spin the Wheel,11,5 жилийн дараах өөрийгөө төсөөл.,challenge,Easy,18+,2-10,do
56-12,56,Spin the Wheel,12,Нэг хүнийг сонгоод compliment өг.,challenge,Medium,18+,2-10,do
56-13,56,Spin the Wheel,13,Нэг хүний first impression-ийг хэл.,challenge,Hard,18+,2-10,do
56-14,56,Spin the Wheel,14,Нэг дуу санал болго.,challenge,Very Hard,18+,2-10,do
56-15,56,Spin the Wheel,15,Нэг кино санал болго.,challenge,Extreme,18+,2-10,do
56-16,56,Spin the Wheel,16,Нэг хоол сонгоод тайлбарла.,challenge,Easy,18+,2-10,do
56-17,56,Spin the Wheel,17,Нэг hobby туршиж үзмээр байгаагаа хэл.,challenge,Medium,18+,2-10,do
56-18,56,Spin the Wheel,18,Мөнгө авбал хамгийн түрүүнд юу хийх вэ?,challenge,Hard,18+,2-10,do
56-19,56,Spin the Wheel,19,Ямар хүнтэй амархан найзлах вэ?,challenge,Very Hard,18+,2-10,do
56-20,56,Spin the Wheel,20,Ямар зан хамгийн их turn-off вэ?,challenge,Extreme,18+,2-10,do
56-21,56,Spin the Wheel,21,Ямар зан хамгийн их татдаг вэ?,challenge,Easy,18+,2-10,do
56-22,56,Spin the Wheel,22,Өнгөрсөнд очвол юу өөрчлөх вэ?,challenge,Medium,18+,2-10,do
56-23,56,Spin the Wheel,23,Ирээдүйгээ харвал юу мэдмээр байна?,challenge,Hard,18+,2-10,do
56-24,56,Spin the Wheel,24,Хэнтэй road trip хийх вэ?,challenge,Very Hard,18+,2-10,do
56-25,56,Spin the Wheel,25,Хэнтэй удаан ярилцмаар байна?,challenge,Extreme,18+,2-10,do
56-26,56,Spin the Wheel,26,Өөрийгөө 3 үгээр тодорхойл.,challenge,Easy,18+,2-10,do
56-27,56,Spin the Wheel,27,Өнөөдрийн mood-оо 3 emoji-оор хэл.,challenge,Medium,18+,2-10,do
56-28,56,Spin the Wheel,28,Эндээс хэнийг илүү танимаар байна?,challenge,Hard,18+,2-10,do
56-29,56,Spin the Wheel,29,Нэг асуулт өөрөө зохио.,challenge,Very Hard,18+,2-10,do
56-30,56,Spin the Wheel,30,Тухгүй байвал PASS хийж болно.,challenge,Extreme,18+,2-10,do
57-01,57,Random Challenge,1,Өөрийн хамгийн том мөрөөдлөө хэл.,challenge,Easy,18+,2-10,do
57-02,57,Random Challenge,2,Өөрийн нэг green flag-аа хэл.,challenge,Medium,18+,2-10,do
57-03,57,Random Challenge,3,Өөрийн нэг red flag-аа хэл.,challenge,Hard,18+,2-10,do
57-04,57,Random Challenge,4,Сүүлд хэзээ үнэхээр баярласан бэ?,challenge,Very Hard,18+,2-10,do
57-05,57,Random Challenge,5,Хэнээс message ирэхийг хүлээдэг вэ?,challenge,Extreme,18+,2-10,do
57-06,57,Random Challenge,6,Perfect weekend-ээ тайлбарла.,challenge,Easy,18+,2-10,do
57-07,57,Random Challenge,7,Dream destination-оо хэл.,challenge,Medium,18+,2-10,do
57-08,57,Random Challenge,8,Хамгийн их хүндэлдэг чанараа хэл.,challenge,Hard,18+,2-10,do
57-09,57,Random Challenge,9,Хамгийн муу зуршлаа хэл.,challenge,Very Hard,18+,2-10,do
57-10,57,Random Challenge,10,Хамгийн сайн чанараа хэл.,challenge,Extreme,18+,2-10,do
57-11,57,Random Challenge,11,5 жилийн дараах өөрийгөө төсөөл.,challenge,Easy,18+,2-10,do
57-12,57,Random Challenge,12,Нэг хүнийг сонгоод compliment өг.,challenge,Medium,18+,2-10,do
57-13,57,Random Challenge,13,Нэг хүний first impression-ийг хэл.,challenge,Hard,18+,2-10,do
57-14,57,Random Challenge,14,Нэг дуу санал болго.,challenge,Very Hard,18+,2-10,do
57-15,57,Random Challenge,15,Нэг кино санал болго.,challenge,Extreme,18+,2-10,do
57-16,57,Random Challenge,16,Нэг хоол сонгоод тайлбарла.,challenge,Easy,18+,2-10,do
57-17,57,Random Challenge,17,Нэг hobby туршиж үзмээр байгаагаа хэл.,challenge,Medium,18+,2-10,do
57-18,57,Random Challenge,18,Мөнгө авбал хамгийн түрүүнд юу хийх вэ?,challenge,Hard,18+,2-10,do
57-19,57,Random Challenge,19,Ямар хүнтэй амархан найзлах вэ?,challenge,Very Hard,18+,2-10,do
57-20,57,Random Challenge,20,Ямар зан хамгийн их turn-off вэ?,challenge,Extreme,18+,2-10,do
57-21,57,Random Challenge,21,Ямар зан хамгийн их татдаг вэ?,challenge,Easy,18+,2-10,do
57-22,57,Random Challenge,22,Өнгөрсөнд очвол юу өөрчлөх вэ?,challenge,Medium,18+,2-10,do
57-23,57,Random Challenge,23,Ирээдүйгээ харвал юу мэдмээр байна?,challenge,Hard,18+,2-10,do
57-24,57,Random Challenge,24,Хэнтэй road trip хийх вэ?,challenge,Very Hard,18+,2-10,do
57-25,57,Random Challenge,25,Хэнтэй удаан ярилцмаар байна?,challenge,Extreme,18+,2-10,do
57-26,57,Random Challenge,26,Өөрийгөө 3 үгээр тодорхойл.,challenge,Easy,18+,2-10,do
57-27,57,Random Challenge,27,Өнөөдрийн mood-оо 3 emoji-оор хэл.,challenge,Medium,18+,2-10,do
57-28,57,Random Challenge,28,Эндээс хэнийг илүү танимаар байна?,challenge,Hard,18+,2-10,do
57-29,57,Random Challenge,29,Нэг асуулт өөрөө зохио.,challenge,Very Hard,18+,2-10,do
57-30,57,Random Challenge,30,Тухгүй байвал PASS хийж болно.,challenge,Extreme,18+,2-10,do
58-01,58,Secret Vote,1,Өөрийн хамгийн том мөрөөдлөө хэл.,vote,Easy,18+,2-10,vote
58-02,58,Secret Vote,2,Өөрийн нэг green flag-аа хэл.,vote,Medium,18+,2-10,vote
58-03,58,Secret Vote,3,Өөрийн нэг red flag-аа хэл.,vote,Hard,18+,2-10,vote
58-04,58,Secret Vote,4,Сүүлд хэзээ үнэхээр баярласан бэ?,vote,Very Hard,18+,2-10,vote
58-05,58,Secret Vote,5,Хэнээс message ирэхийг хүлээдэг вэ?,vote,Extreme,18+,2-10,vote
58-06,58,Secret Vote,6,Perfect weekend-ээ тайлбарла.,vote,Easy,18+,2-10,vote
58-07,58,Secret Vote,7,Dream destination-оо хэл.,vote,Medium,18+,2-10,vote
58-08,58,Secret Vote,8,Хамгийн их хүндэлдэг чанараа хэл.,vote,Hard,18+,2-10,vote
58-09,58,Secret Vote,9,Хамгийн муу зуршлаа хэл.,vote,Very Hard,18+,2-10,vote
58-10,58,Secret Vote,10,Хамгийн сайн чанараа хэл.,vote,Extreme,18+,2-10,vote
58-11,58,Secret Vote,11,5 жилийн дараах өөрийгөө төсөөл.,vote,Easy,18+,2-10,vote
58-12,58,Secret Vote,12,Нэг хүнийг сонгоод compliment өг.,vote,Medium,18+,2-10,vote
58-13,58,Secret Vote,13,Нэг хүний first impression-ийг хэл.,vote,Hard,18+,2-10,vote
58-14,58,Secret Vote,14,Нэг дуу санал болго.,vote,Very Hard,18+,2-10,vote
58-15,58,Secret Vote,15,Нэг кино санал болго.,vote,Extreme,18+,2-10,vote
58-16,58,Secret Vote,16,Нэг хоол сонгоод тайлбарла.,vote,Easy,18+,2-10,vote
58-17,58,Secret Vote,17,Нэг hobby туршиж үзмээр байгаагаа хэл.,vote,Medium,18+,2-10,vote
58-18,58,Secret Vote,18,Мөнгө авбал хамгийн түрүүнд юу хийх вэ?,vote,Hard,18+,2-10,vote
58-19,58,Secret Vote,19,Ямар хүнтэй амархан найзлах вэ?,vote,Very Hard,18+,2-10,vote
58-20,58,Secret Vote,20,Ямар зан хамгийн их turn-off вэ?,vote,Extreme,18+,2-10,vote
58-21,58,Secret Vote,21,Ямар зан хамгийн их татдаг вэ?,vote,Easy,18+,2-10,vote
58-22,58,Secret Vote,22,Өнгөрсөнд очвол юу өөрчлөх вэ?,vote,Medium,18+,2-10,vote
58-23,58,Secret Vote,23,Ирээдүйгээ харвал юу мэдмээр байна?,vote,Hard,18+,2-10,vote
58-24,58,Secret Vote,24,Хэнтэй road trip хийх вэ?,vote,Very Hard,18+,2-10,vote
58-25,58,Secret Vote,25,Хэнтэй удаан ярилцмаар байна?,vote,Extreme,18+,2-10,vote
58-26,58,Secret Vote,26,Өөрийгөө 3 үгээр тодорхойл.,vote,Easy,18+,2-10,vote
58-27,58,Secret Vote,27,Өнөөдрийн mood-оо 3 emoji-оор хэл.,vote,Medium,18+,2-10,vote
58-28,58,Secret Vote,28,Эндээс хэнийг илүү танимаар байна?,vote,Hard,18+,2-10,vote
58-29,58,Secret Vote,29,Нэг асуулт өөрөө зохио.,vote,Very Hard,18+,2-10,vote
58-30,58,Secret Vote,30,Тухгүй байвал PASS хийж болно.,vote,Extreme,18+,2-10,vote
59-01,59,Last Man Standing,1,Өөрийн хамгийн том мөрөөдлөө хэл.,challenge,Easy,18+,2-10,do
59-02,59,Last Man Standing,2,Өөрийн нэг green flag-аа хэл.,challenge,Medium,18+,2-10,do
59-03,59,Last Man Standing,3,Өөрийн нэг red flag-аа хэл.,challenge,Hard,18+,2-10,do
59-04,59,Last Man Standing,4,Сүүлд хэзээ үнэхээр баярласан бэ?,challenge,Very Hard,18+,2-10,do
59-05,59,Last Man Standing,5,Хэнээс message ирэхийг хүлээдэг вэ?,challenge,Extreme,18+,2-10,do
59-06,59,Last Man Standing,6,Perfect weekend-ээ тайлбарла.,challenge,Easy,18+,2-10,do
59-07,59,Last Man Standing,7,Dream destination-оо хэл.,challenge,Medium,18+,2-10,do
59-08,59,Last Man Standing,8,Хамгийн их хүндэлдэг чанараа хэл.,challenge,Hard,18+,2-10,do
59-09,59,Last Man Standing,9,Хамгийн муу зуршлаа хэл.,challenge,Very Hard,18+,2-10,do
59-10,59,Last Man Standing,10,Хамгийн сайн чанараа хэл.,challenge,Extreme,18+,2-10,do
59-11,59,Last Man Standing,11,5 жилийн дараах өөрийгөө төсөөл.,challenge,Easy,18+,2-10,do
59-12,59,Last Man Standing,12,Нэг хүнийг сонгоод compliment өг.,challenge,Medium,18+,2-10,do
59-13,59,Last Man Standing,13,Нэг хүний first impression-ийг хэл.,challenge,Hard,18+,2-10,do
59-14,59,Last Man Standing,14,Нэг дуу санал болго.,challenge,Very Hard,18+,2-10,do
59-15,59,Last Man Standing,15,Нэг кино санал болго.,challenge,Extreme,18+,2-10,do
59-16,59,Last Man Standing,16,Нэг хоол сонгоод тайлбарла.,challenge,Easy,18+,2-10,do
59-17,59,Last Man Standing,17,Нэг hobby туршиж үзмээр байгаагаа хэл.,challenge,Medium,18+,2-10,do
59-18,59,Last Man Standing,18,Мөнгө авбал хамгийн түрүүнд юу хийх вэ?,challenge,Hard,18+,2-10,do
59-19,59,Last Man Standing,19,Ямар хүнтэй амархан найзлах вэ?,challenge,Very Hard,18+,2-10,do
59-20,59,Last Man Standing,20,Ямар зан хамгийн их turn-off вэ?,challenge,Extreme,18+,2-10,do
59-21,59,Last Man Standing,21,Ямар зан хамгийн их татдаг вэ?,challenge,Easy,18+,2-10,do
59-22,59,Last Man Standing,22,Өнгөрсөнд очвол юу өөрчлөх вэ?,challenge,Medium,18+,2-10,do
59-23,59,Last Man Standing,23,Ирээдүйгээ харвал юу мэдмээр байна?,challenge,Hard,18+,2-10,do
59-24,59,Last Man Standing,24,Хэнтэй road trip хийх вэ?,challenge,Very Hard,18+,2-10,do
59-25,59,Last Man Standing,25,Хэнтэй удаан ярилцмаар байна?,challenge,Extreme,18+,2-10,do
59-26,59,Last Man Standing,26,Өөрийгөө 3 үгээр тодорхойл.,challenge,Easy,18+,2-10,do
59-27,59,Last Man Standing,27,Өнөөдрийн mood-оо 3 emoji-оор хэл.,challenge,Medium,18+,2-10,do
59-28,59,Last Man Standing,28,Эндээс хэнийг илүү танимаар байна?,challenge,Hard,18+,2-10,do
59-29,59,Last Man Standing,29,Нэг асуулт өөрөө зохио.,challenge,Very Hard,18+,2-10,do
59-30,59,Last Man Standing,30,Тухгүй байвал PASS хийж болно.,challenge,Extreme,18+,2-10,do
60-01,60,18+ mode,1,Анхны kiss-ийн тухай хамгийн хөгжилтэй дурсамжаа ярь (хүсвэл PASS).,question,Easy,18+,2-10,answer
60-02,60,18+ mode,2,Төгс romantic date-аа 3 алхмаар тайлбарла.,question,Medium,18+,2-10,answer
60-03,60,18+ mode,3,Ямар зан чанар чамайг хамгийн их татдаг вэ?,question,Hard,18+,2-10,answer
60-04,60,18+ mode,4,Ямар зан чанар чамд хамгийн том turn-off вэ?,question,Very Hard,18+,2-10,answer
60-05,60,18+ mode,5,"First move хийх үү, хүлээх үү?",question,Extreme,18+,2-10,answer
60-06,60,18+ mode,6,Relationship-д chemistry хэр чухал вэ?,question,Easy,18+,2-10,answer
60-07,60,18+ mode,7,Хувийн boundaries relationship-д хэр чухал вэ?,question,Medium,18+,2-10,answer
60-08,60,18+ mode,8,Jealousy-г хэрхэн зөв зохицуулах вэ?,question,Hard,18+,2-10,answer
60-09,60,18+ mode,9,Ex-тэй найз хэвээр байх боломжтой юу?,question,Very Hard,18+,2-10,answer
60-10,60,18+ mode,10,Анхны болзоонд хэн санаачилга гаргах нь дээр вэ?,question,Extreme,18+,2-10,answer
60-11,60,18+ mode,11,Date дээр хамгийн их сандаргадаг зүйл чинь юу вэ?,question,Easy,18+,2-10,answer
60-12,60,18+ mode,12,Romantic surprise-д дуртай юу?,question,Medium,18+,2-10,answer
60-13,60,18+ mode,13,Чиний хувьд ideal partner-ийн 3 чанар юу вэ?,question,Hard,18+,2-10,answer
60-14,60,18+ mode,14,Хайр эсвэл attraction — аль нь түрүүлж хэрэгтэй вэ?,question,Very Hard,18+,2-10,answer
60-15,60,18+ mode,15,Long-distance relationship боломжтой гэж боддог уу?,question,Extreme,18+,2-10,answer
60-16,60,18+ mode,16,Dating app ашиглах талаар ямар бодолтой вэ?,question,Easy,18+,2-10,answer
60-17,60,18+ mode,17,Хосууд social media дээр relationship-ээ харуулах ёстой юу?,question,Medium,18+,2-10,answer
60-18,60,18+ mode,18,Анхны date-д хамгийн чухал 3 зүйл юу вэ?,question,Hard,18+,2-10,answer
60-19,60,18+ mode,19,Нөгөө хүний consent-ийг хүндэтгэх нь яагаад чухал вэ?,question,Very Hard,18+,2-10,answer
60-20,60,18+ mode,20,Relationship-ийн хамгийн том green flag юу вэ?,question,Extreme,18+,2-10,answer
60-21,60,18+ mode,21,Relationship-ийн хамгийн том red flag юу вэ?,question,Easy,18+,2-10,answer
60-22,60,18+ mode,22,Чамд таалагдсан хүнтэйгээ шууд хэлдэг үү?,question,Medium,18+,2-10,answer
60-23,60,18+ mode,23,Crush-аа найздаа түрүүлж хэлдэг үү?,question,Hard,18+,2-10,answer
60-24,60,18+ mode,24,Romantic message эсвэл бэлэг — аль нь илүү таалагдах вэ?,question,Very Hard,18+,2-10,answer
60-25,60,18+ mode,25,Date дээр phone ашиглах талаар ямар дүрэмтэй байх вэ?,question,Extreme,18+,2-10,answer
60-26,60,18+ mode,26,Хэн нэгэн чамд таалагдвал яаж мэдэгддэг вэ?,question,Easy,18+,2-10,answer
60-27,60,18+ mode,27,Relationship-д personal space хэр их хэрэгтэй вэ?,question,Medium,18+,2-10,answer
60-28,60,18+ mode,28,Тухгүй асуултад PASS хийх бүрэн эрхтэй — хамгийн хэцүү асуултаа өөрөө сонго.,question,Hard,18+,2-10,answer
60-29,60,18+ mode,29,"18+ category-ийн дүрэм: зөвшөөрөлгүй touch, дарамт, аюултай challenge байхгүй.",question,Very Hard,18+,2-10,answer
60-30,60,18+ mode,30,Энэ round-ын дараа chemistry-гээ 1–10 оноогоор үнэл.,question,Extreme,18+,2-10,answer
